[{"id":"0223fc61-5526-47b9-a86c-ce4ff6ef9b60","file_name":"pexels-kaboompics-com-5718.jpg","title":null,"size":83504,"type":"image/jpeg","url":"https://assets-eu-01.kc-usercontent.com/5c666f66-c412-01b0-1e8c-df49189e190c/46953703-0c3d-4b04-9ac0-f9e06fa10625/pexels-kaboompics-com-5718.jpg","image_width":1024,"image_height":1025,"file_reference":{"id":"46953703-0c3d-4b04-9ac0-f9e06fa10625","type":"internal"},"descriptions":[{"language":{"id":"00000000-0000-0000-0000-000000000000"},"description":null}],"last_modified":"2020-12-14T22:15:29.5136316Z"},{"id":"03e241f4-4345-4d21-8dc5-7d0de736bac6","file_name":"team.jpg","title":null,"size":311450,"type":"image/jpeg","url":"https://assets-eu-01.kc-usercontent.com/5c666f66-c412-01b0-1e8c-df49189e190c/ebe3f66e-f6af-48ad-aabd-7fe1ebd3e35f/team.jpg","image_width":1368,"image_height":2048,"file_reference":{"id":"ebe3f66e-f6af-48ad-aabd-7fe1ebd3e35f","type":"internal"},"descriptions":[{"language":{"id":"00000000-0000-0000-0000-000000000000"},"description":null}],"last_modified":"2020-12-27T16:26:51.6751854Z"},{"id":"15c34685-34c3-4705-b8da-248dd59a424b","file_name":"pexels-tiia-pakk-4496430.jpg","title":null,"size":101167,"type":"image/jpeg","url":"https://assets-eu-01.kc-usercontent.com/5c666f66-c412-01b0-1e8c-df49189e190c/e65b8a89-a34b-4bca-b2fe-03ba05d02f0f/pexels-tiia-pakk-4496430.jpg","image_width":1024,"image_height":1024,"file_reference":{"id":"e65b8a89-a34b-4bca-b2fe-03ba05d02f0f","type":"internal"},"descriptions":[{"language":{"id":"00000000-0000-0000-0000-000000000000"},"description":null}],"last_modified":"2020-12-14T21:47:44.8776616Z"},{"id":"4b9a2889-3074-4e1e-b959-8e0923e622f8","file_name":"nan_talk.jpg","title":null,"size":136138,"type":"image/jpeg","url":"https://assets-eu-01.kc-usercontent.com/5c666f66-c412-01b0-1e8c-df49189e190c/79050d0a-c7b7-4c0e-9c43-cc9a33e0bf11/nan_talk.jpg","image_width":1000,"image_height":1498,"file_reference":{"id":"79050d0a-c7b7-4c0e-9c43-cc9a33e0bf11","type":"internal"},"descriptions":[{"language":{"id":"00000000-0000-0000-0000-000000000000"},"description":null}],"last_modified":"2020-12-27T16:24:46.1941307Z"},{"id":"5d2b46de-3309-455b-a975-b93d6538092f","file_name":"plant1-lg.jpg","title":"Nulla suscipit","size":30519,"type":"image/jpeg","url":"https://assets-eu-01.kc-usercontent.com/5c666f66-c412-01b0-1e8c-df49189e190c/a7cd7875-776f-4d81-8ff0-edc294ad402d/plant1-lg.jpg","image_width":900,"image_height":900,"file_reference":{"id":"a7cd7875-776f-4d81-8ff0-edc294ad402d","type":"internal"},"descriptions":[{"language":{"id":"00000000-0000-0000-0000-000000000000"},"description":"Nulla suscipit"}],"last_modified":"2020-12-07T22:23:55.0313567Z"},{"id":"620f177b-1556-4107-82ba-c13251c8bb4e","file_name":"plant3-lg.jpg","title":"Curabitur eu tempor","size":21513,"type":"image/jpeg","url":"https://assets-eu-01.kc-usercontent.com/5c666f66-c412-01b0-1e8c-df49189e190c/dc0eb318-ae5d-46a1-b007-51cf73cfea30/plant3-lg.jpg","image_width":900,"image_height":900,"file_reference":{"id":"dc0eb318-ae5d-46a1-b007-51cf73cfea30","type":"internal"},"descriptions":[{"language":{"id":"00000000-0000-0000-0000-000000000000"},"description":"Curabitur eu tempor"}],"last_modified":"2020-12-07T22:26:24.8908229Z"},{"id":"65dea10b-d363-4204-b474-c6c8c1105c4b","file_name":"pexels-daria-shevtsova-709784.jpg","title":null,"size":116666,"type":"image/jpeg","url":"https://assets-eu-01.kc-usercontent.com/5c666f66-c412-01b0-1e8c-df49189e190c/e8216ecf-dc84-43d6-9fbd-dd2a191e200e/pexels-daria-shevtsova-709784.jpg","image_width":1024,"image_height":1024,"file_reference":{"id":"e8216ecf-dc84-43d6-9fbd-dd2a191e200e","type":"internal"},"descriptions":[{"language":{"id":"00000000-0000-0000-0000-000000000000"},"description":null}],"last_modified":"2020-12-14T22:09:49.8247889Z"},{"id":"79cb8674-26fe-44a8-8e27-575cfffdb133","file_name":"pokon-green.jpg","title":"Pokon Green","size":596948,"type":"image/jpeg","url":"https://assets-eu-01.kc-usercontent.com/5c666f66-c412-01b0-1e8c-df49189e190c/81e4ff36-2de8-4620-a629-8facec9dd1a3/pokon-green.jpg","image_width":728,"image_height":728,"file_reference":{"id":"81e4ff36-2de8-4620-a629-8facec9dd1a3","type":"internal"},"descriptions":[{"language":{"id":"00000000-0000-0000-0000-000000000000"},"description":"Pokon Green Plant Food"}],"last_modified":"2020-12-29T21:45:40.7617621Z"},{"id":"8174968e-158b-42ba-9d1b-0a3c7e048c52","file_name":"promo.jpg","title":"New interior","size":315398,"type":"image/jpeg","url":"https://assets-eu-01.kc-usercontent.com/5c666f66-c412-01b0-1e8c-df49189e190c/cdcbc885-1d01-4889-963d-b217e71ce28a/promo.jpg","image_width":720,"image_height":525,"file_reference":{"id":"cdcbc885-1d01-4889-963d-b217e71ce28a","type":"internal"},"descriptions":[{"language":{"id":"00000000-0000-0000-0000-000000000000"},"description":"Refresh your living space"}],"last_modified":"2020-12-07T22:14:15.9502488Z"},{"id":"884588c0-4505-4220-a32d-ca04420c40ce","file_name":"pexels-kaboompics-com-5646.jpg","title":null,"size":70975,"type":"image/jpeg","url":"https://assets-eu-01.kc-usercontent.com/5c666f66-c412-01b0-1e8c-df49189e190c/50d29cad-7f61-4612-b7a3-722d70923230/pexels-kaboompics-com-5646.jpg","image_width":1024,"image_height":1024,"file_reference":{"id":"50d29cad-7f61-4612-b7a3-722d70923230","type":"internal"},"descriptions":[{"language":{"id":"00000000-0000-0000-0000-000000000000"},"description":null}],"last_modified":"2020-12-14T22:02:09.5381823Z"},{"id":"98d02f87-e0b9-4c51-a56a-c60266911195","file_name":"leaf-light-grey.svg","title":null,"size":1380,"type":"image/svg+xml","url":"https://assets-eu-01.kc-usercontent.com/5c666f66-c412-01b0-1e8c-df49189e190c/7bafc889-59f0-4728-aca4-47d6ae5acd71/leaf-light-grey.svg","image_width":null,"image_height":null,"file_reference":{"id":"7bafc889-59f0-4728-aca4-47d6ae5acd71","type":"internal"},"descriptions":[{"language":{"id":"00000000-0000-0000-0000-000000000000"},"description":null}],"last_modified":"2020-12-27T16:38:38.7102349Z"},{"id":"a1905a73-3405-4db1-ad86-6aad6e575008","file_name":"miracle-gro-orchid.jpg","title":"Miracle-Gro Orchid","size":99742,"type":"image/jpeg","url":"https://assets-eu-01.kc-usercontent.com/5c666f66-c412-01b0-1e8c-df49189e190c/6c6258ff-6654-4ad6-97c1-b401423f2c96/miracle-gro-orchid.jpg","image_width":1000,"image_height":1500,"file_reference":{"id":"6c6258ff-6654-4ad6-97c1-b401423f2c96","type":"internal"},"descriptions":[{"language":{"id":"00000000-0000-0000-0000-000000000000"},"description":"Miracle-Gro Orchid Plant Food Mist"}],"last_modified":"2020-12-29T22:04:03.3008087Z"},{"id":"a95cf492-5c37-4b13-88ef-630774be273b","file_name":"orchid-care.jpg","title":"Orchid care","size":384194,"type":"image/jpeg","url":"https://assets-eu-01.kc-usercontent.com/5c666f66-c412-01b0-1e8c-df49189e190c/7396ecf6-0646-4dfe-9722-8b91ef99af9d/orchid-care.jpg","image_width":2410,"image_height":1945,"file_reference":{"id":"7396ecf6-0646-4dfe-9722-8b91ef99af9d","type":"internal"},"descriptions":[{"language":{"id":"00000000-0000-0000-0000-000000000000"},"description":"Orchids need a bath every now and then"}],"last_modified":"2020-12-29T16:41:26.2841226Z"},{"id":"ab1a074b-39e4-4939-b83a-dd94e49a526b","file_name":"pexels-scott-webb-584764.jpg","title":null,"size":70876,"type":"image/jpeg","url":"https://assets-eu-01.kc-usercontent.com/5c666f66-c412-01b0-1e8c-df49189e190c/54d116c0-6132-48bf-bf04-4d65dcb2b091/pexels-scott-webb-584764.jpg","image_width":1024,"image_height":1041,"file_reference":{"id":"54d116c0-6132-48bf-bf04-4d65dcb2b091","type":"internal"},"descriptions":[{"language":{"id":"00000000-0000-0000-0000-000000000000"},"description":null}],"last_modified":"2020-12-14T21:58:39.0895349Z"},{"id":"c36e0567-10b4-4a43-b304-c9082b060914","file_name":"pokon-universal.jpg","title":"Pokon Universal","size":600003,"type":"image/jpeg","url":"https://assets-eu-01.kc-usercontent.com/5c666f66-c412-01b0-1e8c-df49189e190c/0f45df57-e3cf-491f-9104-d37680186837/pokon-universal.jpg","image_width":728,"image_height":728,"file_reference":{"id":"0f45df57-e3cf-491f-9104-d37680186837","type":"internal"},"descriptions":[{"language":{"id":"00000000-0000-0000-0000-000000000000"},"description":"Pokon Universal Plant Food"}],"last_modified":"2020-12-29T21:51:09.8968502Z"},{"id":"d2dc6f2e-8024-45a5-9dc6-349c19d91be5","file_name":"header.jpg","title":"Header","size":202312,"type":"image/jpeg","url":"https://assets-eu-01.kc-usercontent.com/5c666f66-c412-01b0-1e8c-df49189e190c/1cff80f5-2acb-406b-8225-8dd1c77b058b/header.jpg","image_width":1440,"image_height":872,"file_reference":{"id":"1cff80f5-2acb-406b-8225-8dd1c77b058b","type":"internal"},"descriptions":[{"language":{"id":"00000000-0000-0000-0000-000000000000"},"description":"All things plany"}],"last_modified":"2020-12-07T22:19:40.7076348Z"},{"id":"ec933e72-e856-41e3-a46c-9c42c87f398c","file_name":"plant2-lg.jpg","title":"Integer porta","size":63743,"type":"image/jpeg","url":"https://assets-eu-01.kc-usercontent.com/5c666f66-c412-01b0-1e8c-df49189e190c/17e253c1-380d-42cf-b024-d0616df0e82f/plant2-lg.jpg","image_width":900,"image_height":900,"file_reference":{"id":"17e253c1-380d-42cf-b024-d0616df0e82f","type":"internal"},"descriptions":[{"language":{"id":"00000000-0000-0000-0000-000000000000"},"description":"Integer porta"}],"last_modified":"2020-12-14T21:26:04.5927694Z"},{"id":"fb42ea05-907b-46cd-98db-b253d87eaf39","file_name":"pokon-flowers.jpg","title":"Pokon Flowering Plant Food","size":599059,"type":"image/jpeg","url":"https://assets-eu-01.kc-usercontent.com/5c666f66-c412-01b0-1e8c-df49189e190c/b17441bc-69c1-4706-9cff-5d04ffcd4879/pokon-flowers.jpg","image_width":728,"image_height":728,"file_reference":{"id":"b17441bc-69c1-4706-9cff-5d04ffcd4879","type":"internal"},"descriptions":[{"language":{"id":"00000000-0000-0000-0000-000000000000"},"description":"Pokon Flowering Plant Food"}],"last_modified":"2020-12-29T21:54:14.3037866Z"}]