[{"id":"29487cda-10b5-41c0-a66a-1f22b03bb5df","codename":"featured_products_section","last_modified":"2020-12-07T22:02:36.683583Z","name":"Featured products section","content_groups":[],"elements":[{"maximum_text_length":null,"name":"Title","guidelines":null,"is_required":true,"type":"text","id":"086dd033-29c4-4d41-a9b5-e091b94acf53","codename":"title"},{"mode":"multiple","options":[{"id":"17c5967b-3d79-4e0a-bf10-41337e734cdb","codename":"light_title","name":"Light title"},{"id":"48243959-9c60-4249-91a2-1a9e18b63544","codename":"show_heart_icon","name":"Show Heart Icon"}],"name":"Settings","guidelines":null,"is_required":false,"type":"multiple_choice","id":"7383a5cd-18c6-48f1-bfd7-71036c6a9b7c","codename":"settings"},{"item_count_limit":{"value":1,"condition":"at_least"},"allowed_content_types":[{"id":"92177c48-7215-490f-8ee2-d4f7dd59b868"}],"name":"Featured products","guidelines":null,"is_required":true,"type":"modular_content","id":"9f020517-5122-4fdf-8e87-290d41903561","codename":"featured_products"}]},{"id":"25ab8694-55f3-45ca-8375-18bc6d1428d4","codename":"product_property","last_modified":"2020-12-30T22:38:59.2303101Z","name":"Product property","content_groups":[],"elements":[{"maximum_text_length":null,"name":"Name","guidelines":null,"is_required":true,"type":"text","id":"469bb56a-993a-4176-b4ed-ec0781a4f71a","codename":"name"},{"mode":"single","options":[{"id":"cccf8b3a-ae71-449c-b0a8-bae5ab3eb03d","codename":"text","name":"Text"},{"id":"9eead3f6-6779-4abb-b5b8-645023214c20","codename":"textarea","name":"Text Area"},{"id":"b33ab9a0-0f00-4f13-bbba-b52c049165f7","codename":"options","name":"Dropdown"},{"id":"136339d9-5855-4081-86f2-4311277883f9","codename":"readonly","name":"Readonly"},{"id":"aae08f30-14db-4577-9e33-8d575b52e741","codename":"checkbox","name":"Checkbox"}],"name":"Type","guidelines":null,"is_required":true,"type":"multiple_choice","id":"03748d33-6e98-4b1e-a02c-2abe1b88e6d7","codename":"type"},{"maximum_text_length":null,"name":"Options","guidelines":"This is used for dropdowns. Separate options with |. For example: \nBlack|Brown[+100.00]|Gold[+300.00]","is_required":false,"type":"text","id":"87cfeb90-dcaa-4ebc-b025-7d4651a5113b","codename":"options"},{"maximum_text_length":null,"name":"Value","guidelines":"This is the (default) value for the field. This is mandatory for read only fields.","is_required":false,"type":"text","id":"76479613-2188-435a-82a6-9efd81279a4b","codename":"value"},{"maximum_text_length":null,"name":"Placeholder","guidelines":"This is used to provide a hint for text fields.","is_required":false,"type":"text","id":"8a551e99-2eb9-4111-a0e6-21d710aef40b","codename":"placeholder"},{"mode":"multiple","options":[{"id":"0f049ea8-8910-4a66-af11-c16ef70ab272","codename":"required","name":"Required"}],"name":"Settings","guidelines":null,"is_required":false,"type":"multiple_choice","id":"97616455-479c-4588-baaf-ed7fc1ddd2c1","codename":"settings"}]},{"id":"f48a41a3-bcd1-45a9-a343-af20d4c06fb6","codename":"bullet_point","last_modified":"2020-12-27T16:19:00.8680085Z","name":"Bullet point","content_groups":[],"elements":[{"maximum_text_length":null,"name":"Title","guidelines":null,"is_required":true,"type":"text","id":"a37627a5-04ef-4871-8815-a438d6d5eb67","codename":"title"},{"maximum_text_length":null,"maximum_image_size":null,"allowed_content_types":[],"image_width_limit":null,"image_height_limit":null,"allowed_image_types":"any","allowed_blocks":["text"],"allowed_formatting":["italic","unstyled","bold","link"],"allowed_text_blocks":["paragraph"],"allowed_table_blocks":[],"allowed_table_formatting":[],"allowed_table_text_blocks":[],"name":"Description","guidelines":null,"is_required":true,"type":"rich_text","id":"135b61d5-655b-44f4-9414-7e5049f20966","codename":"description"},{"asset_count_limit":{"value":1,"condition":"exactly"},"maximum_file_size":null,"allowed_file_types":"adjustable","image_width_limit":null,"image_height_limit":null,"name":"Image","guidelines":null,"is_required":true,"type":"asset","id":"84b5af43-3e98-478c-a949-ae2c0eccb5fe","codename":"image"}]},{"id":"92177c48-7215-490f-8ee2-d4f7dd59b868","codename":"product","last_modified":"2020-12-30T16:50:33.6389635Z","name":"Product","content_groups":[{"id":"13d3e95c-b5e6-485d-a6c6-304cdb4faf69","name":"Content","codename":"content"},{"id":"0365ec57-f812-4b75-9bbd-8ae49b96306b","name":"Product properties","codename":"product_properties"}],"elements":[{"maximum_text_length":null,"name":"Product ID","guidelines":"Th SKU for this product","is_required":true,"type":"text","id":"08357e84-e6fe-464f-97b4-169fd3fc95f5","codename":"product_id","content_group":{"id":"13d3e95c-b5e6-485d-a6c6-304cdb4faf69"}},{"maximum_text_length":null,"name":"Title","guidelines":null,"is_required":true,"type":"text","id":"b20f9e0f-6dda-46fb-8c19-b28d5ad51f55","codename":"title","content_group":{"id":"13d3e95c-b5e6-485d-a6c6-304cdb4faf69"}},{"maximum_text_length":{"value":500,"applies_to":"characters"},"name":"Description","guidelines":"Short product description. This is used as an introduction on the product page and text in the shopping cart.","is_required":true,"type":"text","id":"24c1f735-faad-4033-85bc-9c98436c18ab","codename":"description","content_group":{"id":"13d3e95c-b5e6-485d-a6c6-304cdb4faf69"}},{"name":"Price","guidelines":null,"is_required":true,"type":"number","id":"49b41a17-7b74-4b46-b948-58fab181ee20","codename":"price","content_group":{"id":"13d3e95c-b5e6-485d-a6c6-304cdb4faf69"}},{"asset_count_limit":null,"maximum_file_size":null,"allowed_file_types":"any","image_width_limit":null,"image_height_limit":null,"name":"Image","guidelines":null,"is_required":false,"type":"asset","id":"433c7916-4c5a-4219-ba74-de9128ca4a87","codename":"image","content_group":{"id":"13d3e95c-b5e6-485d-a6c6-304cdb4faf69"}},{"maximum_text_length":null,"maximum_image_size":null,"allowed_content_types":[],"image_width_limit":null,"image_height_limit":null,"allowed_image_types":"any","allowed_blocks":["text","tables","images"],"allowed_formatting":[],"allowed_text_blocks":[],"allowed_table_blocks":[],"allowed_table_formatting":[],"allowed_table_text_blocks":[],"name":"Content","guidelines":null,"is_required":false,"type":"rich_text","id":"920b5689-431b-4990-a5a2-5e0c9b95eea9","codename":"content","content_group":{"id":"13d3e95c-b5e6-485d-a6c6-304cdb4faf69"}},{"item_count_limit":null,"allowed_content_types":[{"id":"92177c48-7215-490f-8ee2-d4f7dd59b868"}],"name":"Related products","guidelines":null,"is_required":false,"type":"modular_content","id":"64640a70-86cc-435a-bed7-9c78ae6af47d","codename":"related_products","content_group":{"id":"13d3e95c-b5e6-485d-a6c6-304cdb4faf69"}},{"guidelines":null,"taxonomy_group":{"id":"24097b17-4461-4ee8-900c-71b6b11d81a7"},"is_required":true,"type":"taxonomy","id":"8d9c0ea0-69d1-41d0-84e4-d971db821fb9","codename":"category","content_group":{"id":"13d3e95c-b5e6-485d-a6c6-304cdb4faf69"}},{"item_count_limit":{"value":1,"condition":"exactly"},"allowed_content_types":[{"id":"7539f31e-b699-4280-bbf3-d0a360571a8e"}],"name":"Section","guidelines":null,"is_required":true,"type":"modular_content","id":"c6cfd551-e06e-4d7c-a3ab-965c3e2c0301","codename":"section","content_group":{"id":"13d3e95c-b5e6-485d-a6c6-304cdb4faf69"}},{"mode":"multiple","options":[{"id":"9f944378-a3fa-42a7-ae76-00519710990d","codename":"featured","name":"Featured"}],"name":"Settings","guidelines":null,"is_required":false,"type":"multiple_choice","id":"ef6dc41a-20c4-422c-aff6-93a985fdb2f0","codename":"settings","content_group":{"id":"13d3e95c-b5e6-485d-a6c6-304cdb4faf69"}},{"depends_on":{"element":{"id":"08357e84-e6fe-464f-97b4-169fd3fc95f5"}},"name":"Slug","guidelines":null,"is_required":true,"type":"url_slug","id":"37b984c1-13c1-408e-9699-61574e8a1b59","codename":"slug","content_group":{"id":"13d3e95c-b5e6-485d-a6c6-304cdb4faf69"}},{"name":"Default quantity","guidelines":"Set the default quantity of a product. If specified, its value will be used to set the initial quantity of the item in the cart. If the product is added to the cart again, its quantity will increase by the value set in this attribute. But, if the customer increases the quantity within the cart with the + and - buttons, the quantity will change by 1 (except when \"Quantity step\" below is specified).","is_required":false,"type":"number","id":"62d82789-e902-4f4c-abd3-804e15504da5","codename":"default_quantity","content_group":{"id":"0365ec57-f812-4b75-9bbd-8ae49b96306b"}},{"name":"Minimum Quantity","guidelines":"Set the minimum allowed quantity for your product. For instance, if you set this attribute to 3 for your product A, when your customer adds product A to cart for the first time, the quantity will be automatically set to 3, not 1. If the customer increases the quantity within the cart with the + and - buttons, the quantity will change by 1. However, if they decrease its quantity lower than the minimal allowed quantity set, the product will be removed from the cart.","is_required":false,"type":"number","id":"9b8ad8bb-a298-412c-a61e-01dd9f6d4033","codename":"minimum_quantity","content_group":{"id":"0365ec57-f812-4b75-9bbd-8ae49b96306b"}},{"name":"Maximum Quantity","guidelines":"Set a maximum allowed quantity of your product. For instance, if you set it to 5, your customers will not be able to add more than 5 occurrences of your product in their cart. Handy if you have limited stocks of a product or wish to limit the quantity per customer. A good practice would be to set it to the quantity you have available in your inventory.","is_required":false,"type":"number","id":"d375c697-d5f5-4ac6-825e-f8b8b02a2746","codename":"maximum_quantity","content_group":{"id":"0365ec57-f812-4b75-9bbd-8ae49b96306b"}},{"name":"Quantity step","guidelines":"By default, the quantity of an item increments by 1 when using the + and - buttons. Use this attribute if you want to override it. For instance, if you set it to 2, the quantity will increment from 2 to 4 to 6.","is_required":false,"type":"number","id":"475cc1f1-70d0-4a11-9f59-fc669539f4af","codename":"quantity_step","content_group":{"id":"0365ec57-f812-4b75-9bbd-8ae49b96306b"}},{"name":"Weight","guidelines":"The weight in grams* of the product. Mandatory if you use any integrated shipping provider we support.","is_required":false,"type":"number","id":"c61fbe6d-1aab-4bc1-afaa-ac07851b625e","codename":"weight","content_group":{"id":"0365ec57-f812-4b75-9bbd-8ae49b96306b"}},{"name":"Height","guidelines":"The height in centimeters* of the product. This optional attribute will be used if you enabled an integrated shipping provider.","is_required":false,"type":"number","id":"45edaa27-43bf-437c-9332-d17bb647bd19","codename":"height","content_group":{"id":"0365ec57-f812-4b75-9bbd-8ae49b96306b"}},{"name":"Length","guidelines":"The length in centimeters* of the product. This optional attribute will be used if you enabled an integrated shipping provider.","is_required":false,"type":"number","id":"9a899110-bc1f-4be1-beb8-610a96e46be4","codename":"length","content_group":{"id":"0365ec57-f812-4b75-9bbd-8ae49b96306b"}},{"name":"Width","guidelines":"The width in centimeters* of the product. This optional attribute will be used if you enabled an integrated shipping provider.","is_required":false,"type":"number","id":"f6d03f6f-93ec-4d79-abf8-506fc4cf5eaf","codename":"width","content_group":{"id":"0365ec57-f812-4b75-9bbd-8ae49b96306b"}},{"guidelines":null,"taxonomy_group":{"id":"efa6ad18-ad4d-424e-96c3-efa57ce8f051"},"is_required":false,"type":"taxonomy","id":"70700682-6477-45fd-a9a0-1967d31726d0","codename":"product_properties","content_group":{"id":"0365ec57-f812-4b75-9bbd-8ae49b96306b"}},{"item_count_limit":null,"allowed_content_types":[{"id":"25ab8694-55f3-45ca-8375-18bc6d1428d4"}],"name":"Cart options","guidelines":null,"is_required":false,"type":"modular_content","id":"4f264277-8fef-40f6-a501-4b658df12eca","codename":"cart_options","content_group":{"id":"0365ec57-f812-4b75-9bbd-8ae49b96306b"}}]},{"id":"39c6af45-ff92-40f1-9650-01d3a4bf179b","codename":"bullet_points_section","last_modified":"2020-12-27T16:19:39.6347289Z","name":"Bullet Points Section","content_groups":[],"elements":[{"maximum_text_length":null,"maximum_image_size":null,"allowed_content_types":[{"id":"f48a41a3-bcd1-45a9-a343-af20d4c06fb6"}],"image_width_limit":null,"image_height_limit":null,"allowed_image_types":"any","allowed_blocks":["components-and-items"],"allowed_formatting":[],"allowed_text_blocks":[],"allowed_table_blocks":[],"allowed_table_formatting":[],"allowed_table_text_blocks":[],"name":"Bullet points","guidelines":null,"is_required":true,"type":"rich_text","id":"dcf52d10-c1d3-4552-8609-ce59c5721857","codename":"bullet_points"}]},{"id":"eb16f498-7689-4f3a-9630-b752c78ceae0","codename":"frequently_asked_question","last_modified":"2020-12-28T10:48:53.8849747Z","name":"Frequently Asked Question","content_groups":[],"elements":[{"maximum_text_length":null,"name":"Question","guidelines":null,"is_required":true,"type":"text","id":"7fbdf19d-a498-4be5-b73a-6a3d109dc4bb","codename":"question"},{"maximum_text_length":null,"maximum_image_size":null,"allowed_content_types":[],"image_width_limit":null,"image_height_limit":null,"allowed_image_types":"any","allowed_blocks":["text","images"],"allowed_formatting":[],"allowed_text_blocks":["paragraph","ordered-list","unordered-list"],"allowed_table_blocks":[],"allowed_table_formatting":[],"allowed_table_text_blocks":[],"name":"Answer","guidelines":null,"is_required":true,"type":"rich_text","id":"cecc7cc0-dbbc-4845-9c96-e36d8a911198","codename":"answer"}]},{"id":"7539f31e-b699-4280-bbf3-d0a360571a8e","codename":"menu_item","last_modified":"2020-12-08T21:21:24.2458542Z","name":"Menu item","content_groups":[],"elements":[{"maximum_text_length":null,"name":"Title","guidelines":null,"is_required":true,"type":"text","id":"b95f3b04-131b-4234-b4dd-45b4e577f61f","codename":"title"},{"maximum_text_length":null,"name":"Url","guidelines":null,"is_required":true,"type":"text","id":"ed8e9c96-0018-46ca-8427-a370c19ff840","codename":"url"}]},{"id":"ad2d056c-454d-4da1-84c4-42c25540c9b4","codename":"header_section","last_modified":"2020-12-27T16:39:57.3099516Z","name":"Header section","content_groups":[],"elements":[{"maximum_text_length":null,"name":"Headline","guidelines":null,"is_required":true,"type":"text","id":"6f673416-9086-446f-841a-fb7818c56ba3","codename":"headline"},{"maximum_text_length":null,"maximum_image_size":null,"allowed_content_types":[],"image_width_limit":null,"image_height_limit":null,"allowed_image_types":"any","allowed_blocks":["text"],"allowed_formatting":["bold","italic","link","unstyled"],"allowed_text_blocks":["paragraph"],"allowed_table_blocks":[],"allowed_table_formatting":[],"allowed_table_text_blocks":[],"name":"Subtitle","guidelines":null,"is_required":true,"type":"rich_text","id":"54bb65b0-500e-43a4-b025-a87d93317582","codename":"subtitle"},{"asset_count_limit":{"value":1,"condition":"at_most"},"maximum_file_size":null,"allowed_file_types":"any","image_width_limit":null,"image_height_limit":null,"name":"Background image","guidelines":null,"is_required":false,"type":"asset","id":"5180db66-ddd4-4482-93bc-2aecb60731fb","codename":"background_image"}]},{"id":"307e4c15-29ac-4fe8-9130-04cfc2fb48bd","codename":"site","last_modified":"2020-12-08T21:24:36.8523607Z","name":"Site","content_groups":[],"elements":[{"item_count_limit":{"value":1,"condition":"at_least"},"allowed_content_types":[{"id":"7539f31e-b699-4280-bbf3-d0a360571a8e"}],"name":"Main menu","guidelines":null,"is_required":true,"type":"modular_content","id":"08854a8d-b423-44d3-adfa-cee73f6a8434","codename":"main_menu"}]},{"id":"0dc7a498-236f-4449-80de-3baab28bb7af","codename":"testimonials_section","last_modified":"2020-12-14T21:06:58.3527377Z","name":"Testimonials section","content_groups":[],"elements":[{"item_count_limit":{"value":2,"condition":"exactly"},"allowed_content_types":[{"id":"8bd9b41a-9c07-479a-bb59-e6be66216fed"}],"name":"Testimonials","guidelines":null,"is_required":true,"type":"modular_content","id":"93ae81fc-f9ca-45a7-a240-382aee41f130","codename":"testimonials"}]},{"id":"7080bb9c-a117-4c83-aef7-7942f618ae10","codename":"contact_section","last_modified":"2020-12-28T12:11:40.6739923Z","name":"Contact section","content_groups":[],"elements":[{"maximum_text_length":null,"name":"Name","guidelines":null,"is_required":false,"type":"text","id":"8e7e84e9-2107-44a5-ad2d-6cc5c0e29adf","codename":"name"},{"maximum_text_length":null,"name":"Address","guidelines":null,"is_required":false,"type":"text","id":"faf7bc00-8fb0-4214-99fe-96bb7070dc62","codename":"address"},{"maximum_text_length":null,"name":"Phone","guidelines":null,"is_required":false,"type":"text","id":"f07e1556-34ef-4743-8eda-921714cd3ae7","codename":"phone"},{"maximum_text_length":null,"name":"E-mail","guidelines":null,"is_required":false,"type":"text","id":"ff1d7da1-ab07-4cb6-9fa9-d3cbaba2f1cb","codename":"e_mail"},{"maximum_text_length":null,"name":"Map url","guidelines":null,"is_required":false,"type":"text","id":"8efa5288-2c4c-4f92-8e0e-2b2f7302b2ff","codename":"map_url"},{"asset_count_limit":{"value":1,"condition":"exactly"},"maximum_file_size":null,"allowed_file_types":"any","image_width_limit":null,"image_height_limit":null,"name":"Image","guidelines":null,"is_required":false,"type":"asset","id":"d58d3064-e669-4256-876b-76e3e2537d9c","codename":"image"}]},{"id":"6ed340ed-d372-4e8a-846e-c87329dccf4f","codename":"store_section","last_modified":"2020-12-13T21:19:24.6335434Z","name":"Store section","content_groups":[],"elements":[]},{"id":"98ef5055-fc86-4c25-a1c0-45e732041ec0","codename":"hero_section","last_modified":"2020-12-09T07:43:57.7669187Z","name":"Hero section","content_groups":[],"elements":[{"asset_count_limit":null,"maximum_file_size":null,"allowed_file_types":"any","image_width_limit":null,"image_height_limit":null,"name":"Background image","guidelines":null,"is_required":false,"type":"asset","id":"24061aeb-23db-41c6-bc76-b26569faf482","codename":"background_image"},{"maximum_text_length":null,"maximum_image_size":null,"allowed_content_types":[{"id":"1ddbe6a3-045c-4730-82d6-fbdfc36dbea8"}],"image_width_limit":null,"image_height_limit":null,"allowed_image_types":"any","allowed_blocks":["text"],"allowed_formatting":[],"allowed_text_blocks":[],"allowed_table_blocks":[],"allowed_table_formatting":[],"allowed_table_text_blocks":[],"name":"Content","guidelines":null,"is_required":false,"type":"rich_text","id":"6cb6430d-0db8-451b-93d9-8e67f66f012e","codename":"content"},{"maximum_text_length":null,"maximum_image_size":null,"allowed_content_types":[{"id":"1ddbe6a3-045c-4730-82d6-fbdfc36dbea8"}],"image_width_limit":null,"image_height_limit":null,"allowed_image_types":"any","allowed_blocks":["components-and-items"],"allowed_formatting":[],"allowed_text_blocks":[],"allowed_table_blocks":[],"allowed_table_formatting":[],"allowed_table_text_blocks":[],"name":"Buttons","guidelines":null,"is_required":false,"type":"rich_text","id":"46d8055f-8cc5-45f0-b6eb-34eebe1d8fc5","codename":"buttons"}]},{"id":"891d8afd-68d2-4748-b634-1987b65f8838","codename":"page","last_modified":"2020-12-28T12:11:56.9009788Z","name":"Page","content_groups":[],"elements":[{"maximum_text_length":null,"name":"Title","guidelines":null,"is_required":true,"type":"text","id":"691dce2a-ff00-4d6f-bc75-4aa23fd8b268","codename":"title"},{"maximum_text_length":null,"maximum_image_size":null,"allowed_content_types":[{"id":"0fcb1386-70e4-4e87-8c43-5185edd06cff"},{"id":"6ed340ed-d372-4e8a-846e-c87329dccf4f"},{"id":"39c6af45-ff92-40f1-9650-01d3a4bf179b"},{"id":"98ef5055-fc86-4c25-a1c0-45e732041ec0"},{"id":"29487cda-10b5-41c0-a66a-1f22b03bb5df"},{"id":"0dc7a498-236f-4449-80de-3baab28bb7af"},{"id":"ad2d056c-454d-4da1-84c4-42c25540c9b4"},{"id":"a80cfeed-a45f-4b5d-943a-fee3645c900c"},{"id":"7080bb9c-a117-4c83-aef7-7942f618ae10"}],"image_width_limit":null,"image_height_limit":null,"allowed_image_types":"any","allowed_blocks":[],"allowed_formatting":[],"allowed_text_blocks":[],"allowed_table_blocks":[],"allowed_table_formatting":[],"allowed_table_text_blocks":[],"name":"Content","guidelines":null,"is_required":true,"type":"rich_text","id":"d13bccf4-7c7f-4faa-8772-d92ceebbb537","codename":"content"},{"mode":"multiple","options":[{"id":"63aff044-a744-4cd9-89c2-81ca95f630e1","codename":"white_header","name":"White header"}],"name":"Settings","guidelines":null,"is_required":false,"type":"multiple_choice","id":"9ef46cbd-b9bc-4ac2-a8d3-129840e738c3","codename":"settings"},{"item_count_limit":{"value":1,"condition":"exactly"},"allowed_content_types":[{"id":"7539f31e-b699-4280-bbf3-d0a360571a8e"}],"name":"Section","guidelines":null,"is_required":true,"type":"modular_content","id":"bb3e7aa7-287d-4c19-94f7-c28bfe8e0e49","codename":"section"},{"depends_on":{"element":{"id":"691dce2a-ff00-4d6f-bc75-4aa23fd8b268"}},"name":"Slug","guidelines":null,"is_required":true,"type":"url_slug","id":"91819b7e-e0cf-4260-af21-0be61d9e73e0","codename":"slug"}]},{"id":"1ddbe6a3-045c-4730-82d6-fbdfc36dbea8","codename":"call_to_action","last_modified":"2020-12-07T21:49:34.8852926Z","name":"Call to action","content_groups":[],"elements":[{"maximum_text_length":null,"name":"Title","guidelines":null,"is_required":false,"type":"text","id":"a722de98-2001-45ae-a6f4-ba47ae18cb7e","codename":"title"},{"maximum_text_length":null,"name":"Link URL","guidelines":null,"is_required":false,"type":"text","id":"788430f7-681e-4fda-b5aa-7346796319e0","codename":"link_url"},{"mode":"multiple","options":[{"id":"ec89c5aa-d4e7-4564-8350-a80e9cdd6566","codename":"arrow","name":"Arrow"},{"id":"bb01371a-d189-46d7-a9e5-470c2d381629","codename":"new_tab","name":"New tab"}],"name":"Settings","guidelines":null,"is_required":false,"type":"multiple_choice","id":"668e4553-d810-48af-929c-1a2e1ade248f","codename":"settings"}]},{"id":"8bd9b41a-9c07-479a-bb59-e6be66216fed","codename":"testimonial","last_modified":"2020-12-14T21:14:36.0520292Z","name":"Testimonial","content_groups":[],"elements":[{"maximum_text_length":null,"name":"Name","guidelines":null,"is_required":true,"type":"text","id":"1904acad-b1bc-40bc-a98a-2cfc62233a0a","codename":"name"},{"maximum_text_length":null,"name":"Location","guidelines":null,"is_required":false,"type":"text","id":"b4bf42a2-07e0-4e7d-9826-d38c7bf0ec36","codename":"location"},{"maximum_text_length":null,"maximum_image_size":null,"allowed_content_types":[],"image_width_limit":null,"image_height_limit":null,"allowed_image_types":"any","allowed_blocks":["text"],"allowed_formatting":[],"allowed_text_blocks":[],"allowed_table_blocks":[],"allowed_table_formatting":[],"allowed_table_text_blocks":[],"name":"Content","guidelines":null,"is_required":true,"type":"rich_text","id":"72529f27-2a02-4332-b66e-96f022187b87","codename":"content"}]},{"id":"0fcb1386-70e4-4e87-8c43-5185edd06cff","codename":"faq_section","last_modified":"2020-12-28T10:59:13.7437842Z","name":"FAQ Section","content_groups":[],"elements":[{"maximum_text_length":null,"maximum_image_size":null,"allowed_content_types":[{"id":"eb16f498-7689-4f3a-9630-b752c78ceae0"}],"image_width_limit":null,"image_height_limit":null,"allowed_image_types":"any","allowed_blocks":["components-and-items"],"allowed_formatting":[],"allowed_text_blocks":[],"allowed_table_blocks":[],"allowed_table_formatting":[],"allowed_table_text_blocks":[],"name":"Questions","guidelines":null,"is_required":true,"type":"rich_text","id":"2d1b3370-0023-4617-83da-b41e965fad5e","codename":"questions"}]},{"id":"a80cfeed-a45f-4b5d-943a-fee3645c900c","codename":"promotion_section","last_modified":"2020-12-14T06:59:17.5739149Z","name":"Promotion section","content_groups":[],"elements":[{"maximum_text_length":null,"name":"Title","guidelines":null,"is_required":true,"type":"text","id":"b198e0cb-be77-46e6-bb15-34ff81964f33","codename":"title"},{"maximum_text_length":null,"name":"Subtitle","guidelines":null,"is_required":false,"type":"text","id":"c428e607-525f-4b08-8571-46abe2464159","codename":"subtitle"},{"asset_count_limit":{"value":1,"condition":"exactly"},"maximum_file_size":null,"allowed_file_types":"any","image_width_limit":null,"image_height_limit":null,"name":"Image","guidelines":null,"is_required":false,"type":"asset","id":"1cc01cbb-4cff-4aad-bbed-fba435d90b13","codename":"image"},{"maximum_text_length":null,"name":"CTA Text","guidelines":null,"is_required":false,"type":"text","id":"4a5bfcfa-579e-495c-bbf8-e5ad97aa4e7c","codename":"cta_text"},{"item_count_limit":{"value":1,"condition":"at_most"},"allowed_content_types":[{"id":"891d8afd-68d2-4748-b634-1987b65f8838"},{"id":"92177c48-7215-490f-8ee2-d4f7dd59b868"}],"name":"CTA Linked Page","guidelines":null,"is_required":false,"type":"modular_content","id":"53914cab-8f2a-4f42-ab63-6b8d4379ef1a","codename":"cta_linked_page"},{"maximum_text_length":null,"name":"CTA Link","guidelines":null,"is_required":false,"type":"text","id":"cd2d6e35-a98a-476b-8a2f-847713f06c2e","codename":"cta_link"}]}]