[{"id":"40ed5668-e253-4a86-8979-fe0f644f1235","codename":"call_to_action_40ed566","last_modified":"2020-12-07T22:17:38.4775755Z","name":"Call to Action","elements":[{"maximum_text_length":null,"name":"Link Text","guidelines":null,"is_required":true,"type":"text","id":"fdcdcfee-c17e-418f-b96d-568f73e435f5","codename":"call_to_action_40ed566__text"},{"item_count_limit":{"value":1,"condition":"at_most"},"allowed_content_types":[],"name":"Linked Page","guidelines":"Select a page to link to or enter a URL","is_required":false,"type":"modular_content","id":"d80ff19f-c332-4971-bc74-54d869b4bf70","codename":"call_to_action_40ed566__linked_page"},{"maximum_text_length":null,"name":"Link URL","guidelines":null,"is_required":false,"type":"text","id":"1a4bea42-caa9-4fa3-be25-b9b2d9bf7125","codename":"call_to_action_40ed566__link_url"},{"mode":"multiple","options":[{"id":"fe963c34-e9f8-4749-aff7-35385f2ff01e","codename":"arrow","name":"Arrow"},{"id":"5b97feb5-e215-4ca7-a15d-e787589377b8","codename":"new_tab","name":"New tab"}],"name":"Link Settings","guidelines":null,"is_required":false,"type":"multiple_choice","id":"25690628-d359-4bd5-b89c-7422313be387","codename":"call_to_action_40ed566__settings"}]}]