[{"elements":[{"element":{"id":"691dce2a-ff00-4d6f-bc75-4aa23fd8b268"},"value":"About"},{"components":[{"id":"bc530832-2dde-4233-a657-5775f68efd3a","type":{"id":"ad2d056c-454d-4da1-84c4-42c25540c9b4"},"elements":[{"element":{"id":"6f673416-9086-446f-841a-fb7818c56ba3"},"value":"We are Planty"},{"components":[],"element":{"id":"54bb65b0-500e-43a4-b025-a87d93317582"},"value":"<p>Well, not really. We’re <a href=\"http://bit.ly/2YB7AUL\">Snipcart</a> —a bunch of geeks from Québec City. Planty is a theme we built for <a href=\"https://www.stackbit.com/\">Stackbit</a>, a killer JAMstack site-builder. To enable e-commerce on Planty, you’ll need to <a href=\"http://bit.ly/2YzKmhP\">sign up for Snipcart</a>. Testing is forever free, no credit card required.</p>"},{"element":{"id":"5180db66-ddd4-4482-93bc-2aecb60731fb"},"value":[{"id":"98d02f87-e0b9-4c51-a56a-c60266911195"}]}]},{"id":"df26cbe0-a90b-4962-a7d4-6a2255de3f0f","type":{"id":"39c6af45-ff92-40f1-9650-01d3a4bf179b"},"elements":[{"components":[{"id":"3ccfb003-80bb-4a11-b85c-778e0ed0a84b","type":{"id":"f48a41a3-bcd1-45a9-a343-af20d4c06fb6"},"elements":[{"element":{"id":"a37627a5-04ef-4871-8815-a438d6d5eb67"},"value":"We love plants"},{"components":[],"element":{"id":"135b61d5-655b-44f4-9414-7e5049f20966"},"value":"<p>Now THAT is true, but we love web development even more. We talk about it on our blog, like, <a href=\"http://bit.ly/2YA6999\">a lot</a>. We often craft live demos and open source these bad boys <a href=\"https://github.com/snipcart\">on GitHub</a>. Matter of fact, this Planty theme <a href=\"https://github.com/snipcart/stackbit-theme-planty\">is open source too</a>! If you spot any bugs, open an issue, and we’ll fire our junior dev. Just kidding Michael, you’re good.</p>"},{"element":{"id":"84b5af43-3e98-478c-a949-ae2c0eccb5fe"},"value":[{"id":"4b9a2889-3074-4e1e-b959-8e0923e622f8"}]}]},{"id":"f8d6c611-4713-4774-9b59-8c66fc03a568","type":{"id":"f48a41a3-bcd1-45a9-a343-af20d4c06fb6"},"elements":[{"element":{"id":"a37627a5-04ef-4871-8815-a438d6d5eb67"},"value":"We think plants are the future"},{"components":[],"element":{"id":"135b61d5-655b-44f4-9414-7e5049f20966"},"value":"<p>Word. But good <strong>code</strong> <em>can</em> solve a lots of problems, too. New <em>and</em> old. That’s why we help beginners get started with web development through free content and tools, like this theme. We also believe <a href=\"https://jamstack.org/\">the JAMstack</a> might be one solid pillar on which we build that future.</p>"},{"element":{"id":"84b5af43-3e98-478c-a949-ae2c0eccb5fe"},"value":[{"id":"03e241f4-4345-4d21-8dc5-7d0de736bac6"}]}]}],"element":{"id":"dcf52d10-c1d3-4552-8609-ce59c5721857"},"value":"<object type=\"application/kenticocloud\" data-type=\"component\" data-id=\"3ccfb003-80bb-4a11-b85c-778e0ed0a84b\"></object>\n<object type=\"application/kenticocloud\" data-type=\"component\" data-id=\"f8d6c611-4713-4774-9b59-8c66fc03a568\"></object>"}]},{"id":"c395f4c8-8f2d-4cb4-bd36-01eb181d869f","type":{"id":"a80cfeed-a45f-4b5d-943a-fee3645c900c"},"elements":[{"element":{"id":"b198e0cb-be77-46e6-bb15-34ff81964f33"},"value":"A new home interior for summer"},{"element":{"id":"c428e607-525f-4b08-8571-46abe2464159"},"value":"from $149.99"},{"element":{"id":"1cc01cbb-4cff-4aad-bbed-fba435d90b13"},"value":[{"id":"8174968e-158b-42ba-9d1b-0a3c7e048c52"}]},{"element":{"id":"4a5bfcfa-579e-495c-bbf8-e5ad97aa4e7c"},"value":""},{"element":{"id":"53914cab-8f2a-4f42-ab63-6b8d4379ef1a"},"value":[]},{"element":{"id":"cd2d6e35-a98a-476b-8a2f-847713f06c2e"},"value":""}]}],"element":{"id":"d13bccf4-7c7f-4faa-8772-d92ceebbb537"},"value":"<object type=\"application/kenticocloud\" data-type=\"component\" data-id=\"bc530832-2dde-4233-a657-5775f68efd3a\"></object>\n<object type=\"application/kenticocloud\" data-type=\"component\" data-id=\"df26cbe0-a90b-4962-a7d4-6a2255de3f0f\"></object>\n<object type=\"application/kenticocloud\" data-type=\"component\" data-id=\"c395f4c8-8f2d-4cb4-bd36-01eb181d869f\"></object>"},{"element":{"id":"9ef46cbd-b9bc-4ac2-a8d3-129840e738c3"},"value":[]},{"element":{"id":"bb3e7aa7-287d-4c19-94f7-c28bfe8e0e49"},"value":[{"id":"7bf9d880-16cd-47c8-8e7e-aff18568ecfb"}]},{"mode":"autogenerated","element":{"id":"91819b7e-e0cf-4260-af21-0be61d9e73e0"},"value":"about"}],"workflow_step":{"id":"c199950d-99f0-4983-b711-6c4c91624b22"},"item":{"id":"327c7fdb-eddb-4d45-9df4-9bbb0fcf20d6"},"language":{"id":"00000000-0000-0000-0000-000000000000"},"last_modified":"2020-12-27T16:55:36.978414Z"},{"elements":[{"element":{"id":"691dce2a-ff00-4d6f-bc75-4aa23fd8b268"},"value":"Home"},{"components":[{"id":"962cf276-fe09-4be0-8593-9e4d48dbbb95","type":{"id":"98ef5055-fc86-4c25-a1c0-45e732041ec0"},"elements":[{"element":{"id":"24061aeb-23db-41c6-bc76-b26569faf482"},"value":[{"id":"d2dc6f2e-8024-45a5-9dc6-349c19d91be5"}]},{"components":[],"element":{"id":"6cb6430d-0db8-451b-93d9-8e67f66f012e"},"value":"<h1>Real, beautiful plants right to your door</h1>"},{"components":[{"id":"d78f362e-fa23-4749-b18b-31d02822bb67","type":{"id":"1ddbe6a3-045c-4730-82d6-fbdfc36dbea8"},"elements":[{"element":{"id":"a722de98-2001-45ae-a6f4-ba47ae18cb7e"},"value":"See all plants"},{"element":{"id":"788430f7-681e-4fda-b5aa-7346796319e0"},"value":"/store"},{"element":{"id":"668e4553-d810-48af-929c-1a2e1ade248f"},"value":[{"id":"ec89c5aa-d4e7-4564-8350-a80e9cdd6566"}]}]}],"element":{"id":"46d8055f-8cc5-45f0-b6eb-34eebe1d8fc5"},"value":"<object type=\"application/kenticocloud\" data-type=\"component\" data-id=\"d78f362e-fa23-4749-b18b-31d02822bb67\"></object>"}]},{"id":"0ac6350a-7f63-4856-b0ea-32fa492cf09c","type":{"id":"29487cda-10b5-41c0-a66a-1f22b03bb5df"},"elements":[{"element":{"id":"086dd033-29c4-4d41-a9b5-e091b94acf53"},"value":"Best sellers"},{"element":{"id":"7383a5cd-18c6-48f1-bfd7-71036c6a9b7c"},"value":[{"id":"48243959-9c60-4249-91a2-1a9e18b63544"},{"id":"17c5967b-3d79-4e0a-bf10-41337e734cdb"}]},{"element":{"id":"9f020517-5122-4fdf-8e87-290d41903561"},"value":[{"id":"02e1b521-f743-416f-b6fc-330b5d9df2e7"},{"id":"80721832-9612-4ffe-a86a-179f063be3fa"},{"id":"1b807550-99d0-417e-93d8-67affc8bdc47"},{"id":"4d988830-1f06-4b33-bfcc-c0619b98a750"}]}]},{"id":"d7885354-a974-4259-8bae-06368117685e","type":{"id":"29487cda-10b5-41c0-a66a-1f22b03bb5df"},"elements":[{"element":{"id":"086dd033-29c4-4d41-a9b5-e091b94acf53"},"value":"Now blooming"},{"element":{"id":"7383a5cd-18c6-48f1-bfd7-71036c6a9b7c"},"value":[]},{"element":{"id":"9f020517-5122-4fdf-8e87-290d41903561"},"value":[{"id":"bbb1c66f-ae6e-4ec9-809b-b7936bb589c7"},{"id":"11a90703-4db2-4f0d-bbd6-8f9abe6d3d85"},{"id":"a72f35a2-4dd0-4df4-8655-514a9ab8f930"}]}]},{"id":"07a5dc75-1d8d-4056-bd9a-4d738e8a4d2a","type":{"id":"0dc7a498-236f-4449-80de-3baab28bb7af"},"elements":[{"element":{"id":"93ae81fc-f9ca-45a7-a240-382aee41f130"},"value":[{"id":"9dba3d23-a142-4fb2-87f3-c609998dc8f5"},{"id":"3e1baf15-cdeb-4916-9a64-7060a100f6af"}]}]}],"element":{"id":"d13bccf4-7c7f-4faa-8772-d92ceebbb537"},"value":"<object type=\"application/kenticocloud\" data-type=\"component\" data-id=\"962cf276-fe09-4be0-8593-9e4d48dbbb95\"></object>\n<object type=\"application/kenticocloud\" data-type=\"component\" data-id=\"0ac6350a-7f63-4856-b0ea-32fa492cf09c\"></object>\n<object type=\"application/kenticocloud\" data-type=\"component\" data-id=\"d7885354-a974-4259-8bae-06368117685e\"></object>\n<object type=\"application/kenticocloud\" data-type=\"component\" data-id=\"07a5dc75-1d8d-4056-bd9a-4d738e8a4d2a\"></object>\n<object type=\"application/kenticocloud\" data-type=\"item\" data-id=\"69f6cd4c-290e-4aec-820a-8cc8b5b4c486\"></object>"},{"element":{"id":"9ef46cbd-b9bc-4ac2-a8d3-129840e738c3"},"value":[{"id":"63aff044-a744-4cd9-89c2-81ca95f630e1"}]},{"element":{"id":"bb3e7aa7-287d-4c19-94f7-c28bfe8e0e49"},"value":[{"id":"c917f8f2-2a83-4ce9-ad27-8ab562f34f2b"}]},{"mode":"custom","element":{"id":"91819b7e-e0cf-4260-af21-0be61d9e73e0"},"value":"index"}],"workflow_step":{"id":"c199950d-99f0-4983-b711-6c4c91624b22"},"item":{"id":"4414a2ab-c94c-4284-ace8-14afcb5d2e69"},"language":{"id":"00000000-0000-0000-0000-000000000000"},"last_modified":"2021-02-01T20:15:17.7902058Z"},{"elements":[{"element":{"id":"08357e84-e6fe-464f-97b4-169fd3fc95f5"},"value":"1"},{"element":{"id":"b20f9e0f-6dda-46fb-8c19-b28d5ad51f55"},"value":"Nulla suscipit"},{"element":{"id":"24c1f735-faad-4033-85bc-9c98436c18ab"},"value":"Lorem ipsum dolor sit amet, consectetur adipiscing elit. Nulla suscipit velit lectus, vitae efficitur quam mollis eget. Integer porta at nisl eget tincidunt."},{"element":{"id":"49b41a17-7b74-4b46-b948-58fab181ee20"},"value":49.4},{"element":{"id":"433c7916-4c5a-4219-ba74-de9128ca4a87"},"value":[{"id":"5d2b46de-3309-455b-a975-b93d6538092f"}]},{"components":[],"element":{"id":"920b5689-431b-4990-a5a2-5e0c9b95eea9"},"value":"<p>Care instructions: water daily</p>"},{"element":{"id":"64640a70-86cc-435a-bed7-9c78ae6af47d"},"value":[]},{"element":{"id":"8d9c0ea0-69d1-41d0-84e4-d971db821fb9"},"value":[{"id":"f06a4f1c-3334-4d51-889c-d01d23d0d7a4"}]},{"element":{"id":"c6cfd551-e06e-4d7c-a3ab-965c3e2c0301"},"value":[{"id":"401afd7e-84a3-4c69-8673-471cbd0b14b9"}]},{"element":{"id":"ef6dc41a-20c4-422c-aff6-93a985fdb2f0"},"value":[{"id":"9f944378-a3fa-42a7-ae76-00519710990d"}]},{"mode":"autogenerated","element":{"id":"37b984c1-13c1-408e-9699-61574e8a1b59"},"value":"1"},{"element":{"id":"62d82789-e902-4f4c-abd3-804e15504da5"},"value":null},{"element":{"id":"9b8ad8bb-a298-412c-a61e-01dd9f6d4033"},"value":null},{"element":{"id":"d375c697-d5f5-4ac6-825e-f8b8b02a2746"},"value":null},{"element":{"id":"475cc1f1-70d0-4a11-9f59-fc669539f4af"},"value":null},{"element":{"id":"c61fbe6d-1aab-4bc1-afaa-ac07851b625e"},"value":null},{"element":{"id":"45edaa27-43bf-437c-9332-d17bb647bd19"},"value":null},{"element":{"id":"9a899110-bc1f-4be1-beb8-610a96e46be4"},"value":null},{"element":{"id":"f6d03f6f-93ec-4d79-abf8-506fc4cf5eaf"},"value":null},{"element":{"id":"70700682-6477-45fd-a9a0-1967d31726d0"},"value":[]},{"element":{"id":"4f264277-8fef-40f6-a501-4b658df12eca"},"value":[]}],"workflow_step":{"id":"c199950d-99f0-4983-b711-6c4c91624b22"},"item":{"id":"02e1b521-f743-416f-b6fc-330b5d9df2e7"},"language":{"id":"00000000-0000-0000-0000-000000000000"},"last_modified":"2020-12-13T22:20:20.9855051Z"},{"elements":[{"element":{"id":"08357e84-e6fe-464f-97b4-169fd3fc95f5"},"value":"33"},{"element":{"id":"b20f9e0f-6dda-46fb-8c19-b28d5ad51f55"},"value":"Curabitur eu tempor"},{"element":{"id":"24c1f735-faad-4033-85bc-9c98436c18ab"},"value":"Nulla non pretium metus, vitae finibus lectus."},{"element":{"id":"49b41a17-7b74-4b46-b948-58fab181ee20"},"value":150},{"element":{"id":"433c7916-4c5a-4219-ba74-de9128ca4a87"},"value":[{"id":"ab1a074b-39e4-4939-b83a-dd94e49a526b"}]},{"components":[],"element":{"id":"920b5689-431b-4990-a5a2-5e0c9b95eea9"},"value":"<p>Care instructions</p>\n<ul>\n  <li>Water moderately, once a week</li>\n  <li>No direct sunlight</li>\n  <li>15 to 25°C</li>\n</ul>"},{"element":{"id":"64640a70-86cc-435a-bed7-9c78ae6af47d"},"value":[]},{"element":{"id":"8d9c0ea0-69d1-41d0-84e4-d971db821fb9"},"value":[{"id":"8b07a027-233c-4492-af6f-955744eca80d"}]},{"element":{"id":"c6cfd551-e06e-4d7c-a3ab-965c3e2c0301"},"value":[{"id":"401afd7e-84a3-4c69-8673-471cbd0b14b9"}]},{"element":{"id":"ef6dc41a-20c4-422c-aff6-93a985fdb2f0"},"value":[{"id":"9f944378-a3fa-42a7-ae76-00519710990d"}]},{"mode":"autogenerated","element":{"id":"37b984c1-13c1-408e-9699-61574e8a1b59"},"value":"33"},{"element":{"id":"62d82789-e902-4f4c-abd3-804e15504da5"},"value":null},{"element":{"id":"9b8ad8bb-a298-412c-a61e-01dd9f6d4033"},"value":null},{"element":{"id":"d375c697-d5f5-4ac6-825e-f8b8b02a2746"},"value":null},{"element":{"id":"475cc1f1-70d0-4a11-9f59-fc669539f4af"},"value":null},{"element":{"id":"c61fbe6d-1aab-4bc1-afaa-ac07851b625e"},"value":null},{"element":{"id":"45edaa27-43bf-437c-9332-d17bb647bd19"},"value":null},{"element":{"id":"9a899110-bc1f-4be1-beb8-610a96e46be4"},"value":null},{"element":{"id":"f6d03f6f-93ec-4d79-abf8-506fc4cf5eaf"},"value":null},{"element":{"id":"70700682-6477-45fd-a9a0-1967d31726d0"},"value":[]},{"element":{"id":"4f264277-8fef-40f6-a501-4b658df12eca"},"value":[]}],"workflow_step":{"id":"c199950d-99f0-4983-b711-6c4c91624b22"},"item":{"id":"80721832-9612-4ffe-a86a-179f063be3fa"},"language":{"id":"00000000-0000-0000-0000-000000000000"},"last_modified":"2020-12-29T16:44:59.5792392Z"},{"elements":[{"element":{"id":"b95f3b04-131b-4234-b4dd-45b4e577f61f"},"value":"Home"},{"element":{"id":"ed8e9c96-0018-46ca-8427-a370c19ff840"},"value":"/"}],"workflow_step":{"id":"c199950d-99f0-4983-b711-6c4c91624b22"},"item":{"id":"c917f8f2-2a83-4ce9-ad27-8ab562f34f2b"},"language":{"id":"00000000-0000-0000-0000-000000000000"},"last_modified":"2020-12-09T07:22:22.9114015Z"},{"elements":[{"element":{"id":"b95f3b04-131b-4234-b4dd-45b4e577f61f"},"value":"About"},{"element":{"id":"ed8e9c96-0018-46ca-8427-a370c19ff840"},"value":"/about"}],"workflow_step":{"id":"c199950d-99f0-4983-b711-6c4c91624b22"},"item":{"id":"7bf9d880-16cd-47c8-8e7e-aff18568ecfb"},"language":{"id":"00000000-0000-0000-0000-000000000000"},"last_modified":"2020-12-08T21:03:08.7920331Z"},{"elements":[{"element":{"id":"b95f3b04-131b-4234-b4dd-45b4e577f61f"},"value":"Shop"},{"element":{"id":"ed8e9c96-0018-46ca-8427-a370c19ff840"},"value":"/store"}],"workflow_step":{"id":"c199950d-99f0-4983-b711-6c4c91624b22"},"item":{"id":"401afd7e-84a3-4c69-8673-471cbd0b14b9"},"language":{"id":"00000000-0000-0000-0000-000000000000"},"last_modified":"2020-12-28T10:31:57.2601759Z"},{"elements":[{"element":{"id":"08854a8d-b423-44d3-adfa-cee73f6a8434"},"value":[{"id":"401afd7e-84a3-4c69-8673-471cbd0b14b9"},{"id":"7bf9d880-16cd-47c8-8e7e-aff18568ecfb"},{"id":"58091dbe-0d07-42c5-9c1a-9a407ba2d144"}]}],"workflow_step":{"id":"c199950d-99f0-4983-b711-6c4c91624b22"},"item":{"id":"db785db1-8090-4990-a996-49089493157a"},"language":{"id":"00000000-0000-0000-0000-000000000000"},"last_modified":"2020-12-28T12:29:29.4705654Z"},{"elements":[{"element":{"id":"691dce2a-ff00-4d6f-bc75-4aa23fd8b268"},"value":"Store"},{"components":[{"id":"f8e20a0d-6ea1-46ca-bac8-89085bc99373","type":{"id":"6ed340ed-d372-4e8a-846e-c87329dccf4f"},"elements":[]},{"id":"9c25dcee-023f-41b7-8e4e-2742320e495b","type":{"id":"29487cda-10b5-41c0-a66a-1f22b03bb5df"},"elements":[{"element":{"id":"086dd033-29c4-4d41-a9b5-e091b94acf53"},"value":"Best sellers"},{"element":{"id":"7383a5cd-18c6-48f1-bfd7-71036c6a9b7c"},"value":[{"id":"48243959-9c60-4249-91a2-1a9e18b63544"}]},{"element":{"id":"9f020517-5122-4fdf-8e87-290d41903561"},"value":[{"id":"80721832-9612-4ffe-a86a-179f063be3fa"},{"id":"02e1b521-f743-416f-b6fc-330b5d9df2e7"}]}]}],"element":{"id":"d13bccf4-7c7f-4faa-8772-d92ceebbb537"},"value":"<object type=\"application/kenticocloud\" data-type=\"component\" data-id=\"f8e20a0d-6ea1-46ca-bac8-89085bc99373\"></object>\n<object type=\"application/kenticocloud\" data-type=\"component\" data-id=\"9c25dcee-023f-41b7-8e4e-2742320e495b\"></object>\n<object type=\"application/kenticocloud\" data-type=\"item\" data-id=\"69f6cd4c-290e-4aec-820a-8cc8b5b4c486\"></object>"},{"element":{"id":"9ef46cbd-b9bc-4ac2-a8d3-129840e738c3"},"value":[]},{"element":{"id":"bb3e7aa7-287d-4c19-94f7-c28bfe8e0e49"},"value":[{"id":"401afd7e-84a3-4c69-8673-471cbd0b14b9"}]},{"mode":"autogenerated","element":{"id":"91819b7e-e0cf-4260-af21-0be61d9e73e0"},"value":"store"}],"workflow_step":{"id":"c199950d-99f0-4983-b711-6c4c91624b22"},"item":{"id":"04b4951a-47bd-4c82-a671-2a5c70a56be5"},"language":{"id":"00000000-0000-0000-0000-000000000000"},"last_modified":"2020-12-14T21:20:19.8211704Z"},{"elements":[{"element":{"id":"1904acad-b1bc-40bc-a98a-2cfc62233a0a"},"value":"John Dope"},{"element":{"id":"b4bf42a2-07e0-4e7d-9826-d38c7bf0ec36"},"value":" Colorado, USA"},{"components":[],"element":{"id":"72529f27-2a02-4332-b66e-96f022187b87"},"value":"<p>I didn't know the Snipcart guys were into herbs as well! How beautiful is &nbsp;that Planty theme. I'm going to launch a killer JAMstack e-commerce store using this for sure.</p>"}],"workflow_step":{"id":"c199950d-99f0-4983-b711-6c4c91624b22"},"item":{"id":"9dba3d23-a142-4fb2-87f3-c609998dc8f5"},"language":{"id":"00000000-0000-0000-0000-000000000000"},"last_modified":"2020-12-14T21:08:28.0143051Z"},{"elements":[{"element":{"id":"1904acad-b1bc-40bc-a98a-2cfc62233a0a"},"value":"Major Payne"},{"element":{"id":"b4bf42a2-07e0-4e7d-9826-d38c7bf0ec36"},"value":"VA, USA"},{"components":[],"element":{"id":"72529f27-2a02-4332-b66e-96f022187b87"},"value":"<p>Well I'll be d*mned. These plants really ARE greener than any of my recruits.</p>"}],"workflow_step":{"id":"c199950d-99f0-4983-b711-6c4c91624b22"},"item":{"id":"3e1baf15-cdeb-4916-9a64-7060a100f6af"},"language":{"id":"00000000-0000-0000-0000-000000000000"},"last_modified":"2020-12-14T21:09:04.902418Z"},{"elements":[{"element":{"id":"b198e0cb-be77-46e6-bb15-34ff81964f33"},"value":"A new home interior for summer"},{"element":{"id":"c428e607-525f-4b08-8571-46abe2464159"},"value":"from $149.99"},{"element":{"id":"1cc01cbb-4cff-4aad-bbed-fba435d90b13"},"value":[{"id":"8174968e-158b-42ba-9d1b-0a3c7e048c52"}]},{"element":{"id":"4a5bfcfa-579e-495c-bbf8-e5ad97aa4e7c"},"value":"Discover"},{"element":{"id":"53914cab-8f2a-4f42-ab63-6b8d4379ef1a"},"value":[{"id":"04b4951a-47bd-4c82-a671-2a5c70a56be5"}]},{"element":{"id":"cd2d6e35-a98a-476b-8a2f-847713f06c2e"},"value":""}],"workflow_step":{"id":"c199950d-99f0-4983-b711-6c4c91624b22"},"item":{"id":"69f6cd4c-290e-4aec-820a-8cc8b5b4c486"},"language":{"id":"00000000-0000-0000-0000-000000000000"},"last_modified":"2020-12-14T21:20:18.3874147Z"},{"elements":[{"element":{"id":"08357e84-e6fe-464f-97b4-169fd3fc95f5"},"value":"3"},{"element":{"id":"b20f9e0f-6dda-46fb-8c19-b28d5ad51f55"},"value":"Integer porta"},{"element":{"id":"24c1f735-faad-4033-85bc-9c98436c18ab"},"value":"Suspendisse efficitur eget erat sit amet efficitur."},{"element":{"id":"49b41a17-7b74-4b46-b948-58fab181ee20"},"value":99},{"element":{"id":"433c7916-4c5a-4219-ba74-de9128ca4a87"},"value":[{"id":"ec933e72-e856-41e3-a46c-9c42c87f398c"}]},{"components":[],"element":{"id":"920b5689-431b-4990-a5a2-5e0c9b95eea9"},"value":"<p>Aliquam quis laoreet lectus. Proin non mattis nulla, quis posuere mi. Mauris venenatis, magna at pellentesque commodo, lectus risus vehicula elit, nec dignissim nisl sapien id leo. Nulla non pretium metus, vitae finibus lectus. Aliquam in posuere risus.</p>"},{"element":{"id":"64640a70-86cc-435a-bed7-9c78ae6af47d"},"value":[]},{"element":{"id":"8d9c0ea0-69d1-41d0-84e4-d971db821fb9"},"value":[{"id":"8b07a027-233c-4492-af6f-955744eca80d"}]},{"element":{"id":"c6cfd551-e06e-4d7c-a3ab-965c3e2c0301"},"value":[{"id":"401afd7e-84a3-4c69-8673-471cbd0b14b9"}]},{"element":{"id":"ef6dc41a-20c4-422c-aff6-93a985fdb2f0"},"value":[]},{"mode":"autogenerated","element":{"id":"37b984c1-13c1-408e-9699-61574e8a1b59"},"value":"3"},{"element":{"id":"62d82789-e902-4f4c-abd3-804e15504da5"},"value":null},{"element":{"id":"9b8ad8bb-a298-412c-a61e-01dd9f6d4033"},"value":null},{"element":{"id":"d375c697-d5f5-4ac6-825e-f8b8b02a2746"},"value":null},{"element":{"id":"475cc1f1-70d0-4a11-9f59-fc669539f4af"},"value":null},{"element":{"id":"c61fbe6d-1aab-4bc1-afaa-ac07851b625e"},"value":null},{"element":{"id":"45edaa27-43bf-437c-9332-d17bb647bd19"},"value":null},{"element":{"id":"9a899110-bc1f-4be1-beb8-610a96e46be4"},"value":null},{"element":{"id":"f6d03f6f-93ec-4d79-abf8-506fc4cf5eaf"},"value":null},{"element":{"id":"70700682-6477-45fd-a9a0-1967d31726d0"},"value":[]},{"element":{"id":"4f264277-8fef-40f6-a501-4b658df12eca"},"value":[]}],"workflow_step":{"id":"c199950d-99f0-4983-b711-6c4c91624b22"},"item":{"id":"1b807550-99d0-417e-93d8-67affc8bdc47"},"language":{"id":"00000000-0000-0000-0000-000000000000"},"last_modified":"2020-12-14T21:26:39.8357892Z"},{"elements":[{"element":{"id":"08357e84-e6fe-464f-97b4-169fd3fc95f5"},"value":"4"},{"element":{"id":"b20f9e0f-6dda-46fb-8c19-b28d5ad51f55"},"value":"Spoonplant"},{"element":{"id":"24c1f735-faad-4033-85bc-9c98436c18ab"},"value":"Maecenas pretium blandit ex id lobortis."},{"element":{"id":"49b41a17-7b74-4b46-b948-58fab181ee20"},"value":24.99},{"element":{"id":"433c7916-4c5a-4219-ba74-de9128ca4a87"},"value":[{"id":"15c34685-34c3-4705-b8da-248dd59a424b"}]},{"components":[],"element":{"id":"920b5689-431b-4990-a5a2-5e0c9b95eea9"},"value":"<p>Cras molestie faucibus ipsum ut vulputate. Suspendisse potenti. Donec nec diam odio. Nam ut tempus odio. Vivamus at vehicula felis. Ut ex ante, feugiat at risus eget, facilisis iaculis ex. Suspendisse sagittis sed turpis nec tincidunt. Suspendisse ac venenatis nibh. Pellentesque non maximus lacus, in commodo sapien. Nulla facilisi. Donec finibus, augue in sagittis auctor, mi neque convallis arcu, quis volutpat massa dolor id purus. Suspendisse et lobortis dui. Maecenas pretium blandit ex id lobortis. Vestibulum eget sapien vitae nibh porttitor bibendum sed eget nibh.</p>"},{"element":{"id":"64640a70-86cc-435a-bed7-9c78ae6af47d"},"value":[]},{"element":{"id":"8d9c0ea0-69d1-41d0-84e4-d971db821fb9"},"value":[{"id":"81c03189-e7aa-416e-8f28-31c156031d71"}]},{"element":{"id":"c6cfd551-e06e-4d7c-a3ab-965c3e2c0301"},"value":[{"id":"401afd7e-84a3-4c69-8673-471cbd0b14b9"}]},{"element":{"id":"ef6dc41a-20c4-422c-aff6-93a985fdb2f0"},"value":[{"id":"9f944378-a3fa-42a7-ae76-00519710990d"}]},{"mode":"autogenerated","element":{"id":"37b984c1-13c1-408e-9699-61574e8a1b59"},"value":"4"},{"element":{"id":"62d82789-e902-4f4c-abd3-804e15504da5"},"value":null},{"element":{"id":"9b8ad8bb-a298-412c-a61e-01dd9f6d4033"},"value":null},{"element":{"id":"d375c697-d5f5-4ac6-825e-f8b8b02a2746"},"value":null},{"element":{"id":"475cc1f1-70d0-4a11-9f59-fc669539f4af"},"value":null},{"element":{"id":"c61fbe6d-1aab-4bc1-afaa-ac07851b625e"},"value":null},{"element":{"id":"45edaa27-43bf-437c-9332-d17bb647bd19"},"value":null},{"element":{"id":"9a899110-bc1f-4be1-beb8-610a96e46be4"},"value":null},{"element":{"id":"f6d03f6f-93ec-4d79-abf8-506fc4cf5eaf"},"value":null},{"element":{"id":"70700682-6477-45fd-a9a0-1967d31726d0"},"value":[]},{"element":{"id":"4f264277-8fef-40f6-a501-4b658df12eca"},"value":[]}],"workflow_step":{"id":"c199950d-99f0-4983-b711-6c4c91624b22"},"item":{"id":"4d988830-1f06-4b33-bfcc-c0619b98a750"},"language":{"id":"00000000-0000-0000-0000-000000000000"},"last_modified":"2020-12-14T21:48:50.5796611Z"},{"elements":[{"element":{"id":"08357e84-e6fe-464f-97b4-169fd3fc95f5"},"value":"15"},{"element":{"id":"b20f9e0f-6dda-46fb-8c19-b28d5ad51f55"},"value":"Magenta magic"},{"element":{"id":"24c1f735-faad-4033-85bc-9c98436c18ab"},"value":"An orchid with intense colors to liven up any interior. "},{"element":{"id":"49b41a17-7b74-4b46-b948-58fab181ee20"},"value":27.99},{"element":{"id":"433c7916-4c5a-4219-ba74-de9128ca4a87"},"value":[{"id":"884588c0-4505-4220-a32d-ca04420c40ce"}]},{"components":[],"element":{"id":"920b5689-431b-4990-a5a2-5e0c9b95eea9"},"value":"<p>Care instructions:</p>\n<ul>\n  <li>Water lightly every week</li>\n  <li>Use orchid-food monthly after a quick bath in hand-warm water</li>\n  <li>Remove dead flowers</li>\n</ul>\n<h3>This is a heading</h3>\n<p>Links should have a <a data-item-id=\"04b4951a-47bd-4c82-a671-2a5c70a56be5\">different</a> color.</p>\n<p>The description also allows <strong>bold </strong>and<em> italic</em> text.</p>\n<table><tbody>\n  <tr><td>Name</td><td>Description</td></tr>\n  <tr><td>Row 1</td><td>This is inside a table</td></tr>\n</tbody></table>\n<p>Images are allowed as well:</p>\n<figure data-asset-id=\"a95cf492-5c37-4b13-88ef-630774be273b\"><img src=\"#\" data-asset-id=\"a95cf492-5c37-4b13-88ef-630774be273b\"></figure>\n<p>Please read <a href=\"https://www.thespruce.com/how-to-water-orchids-1902821\">this article</a> at The Spruce for detailed care instructions.</p>"},{"element":{"id":"64640a70-86cc-435a-bed7-9c78ae6af47d"},"value":[{"id":"373b21e5-8177-446c-af91-619ced9b603f"}]},{"element":{"id":"8d9c0ea0-69d1-41d0-84e4-d971db821fb9"},"value":[{"id":"2a1f27fd-cf8f-4c6b-96e7-3c21c85cf496"}]},{"element":{"id":"c6cfd551-e06e-4d7c-a3ab-965c3e2c0301"},"value":[{"id":"401afd7e-84a3-4c69-8673-471cbd0b14b9"}]},{"element":{"id":"ef6dc41a-20c4-422c-aff6-93a985fdb2f0"},"value":[{"id":"9f944378-a3fa-42a7-ae76-00519710990d"}]},{"mode":"autogenerated","element":{"id":"37b984c1-13c1-408e-9699-61574e8a1b59"},"value":"15"},{"element":{"id":"62d82789-e902-4f4c-abd3-804e15504da5"},"value":null},{"element":{"id":"9b8ad8bb-a298-412c-a61e-01dd9f6d4033"},"value":null},{"element":{"id":"d375c697-d5f5-4ac6-825e-f8b8b02a2746"},"value":3},{"element":{"id":"475cc1f1-70d0-4a11-9f59-fc669539f4af"},"value":null},{"element":{"id":"c61fbe6d-1aab-4bc1-afaa-ac07851b625e"},"value":null},{"element":{"id":"45edaa27-43bf-437c-9332-d17bb647bd19"},"value":null},{"element":{"id":"9a899110-bc1f-4be1-beb8-610a96e46be4"},"value":null},{"element":{"id":"f6d03f6f-93ec-4d79-abf8-506fc4cf5eaf"},"value":null},{"element":{"id":"70700682-6477-45fd-a9a0-1967d31726d0"},"value":[{"id":"3a73cf88-6867-4d85-94d3-ddaeba07462f"},{"id":"8df35617-72e4-4718-a5f7-32dbfe84e474"},{"id":"9650aed1-a45c-4f80-ba6a-0fa975f1adc2"},{"id":"fa4ce57b-29b6-4281-8bcf-268d904029de"},{"id":"e5dbb3aa-bb23-431e-99a8-f194d44563d1"},{"id":"ca933299-c560-4d8c-9d87-9ea84ea18ad9"},{"id":"e94ea3ad-b5a8-4cd0-b567-5daeadb79a22"}]},{"element":{"id":"4f264277-8fef-40f6-a501-4b658df12eca"},"value":[{"id":"5622db00-fda4-4afc-839f-8dcb55764648"}]}],"workflow_step":{"id":"c199950d-99f0-4983-b711-6c4c91624b22"},"item":{"id":"a72f35a2-4dd0-4df4-8655-514a9ab8f930"},"language":{"id":"00000000-0000-0000-0000-000000000000"},"last_modified":"2020-12-30T16:51:36.8767174Z"},{"elements":[{"element":{"id":"08357e84-e6fe-464f-97b4-169fd3fc95f5"},"value":"17"},{"element":{"id":"b20f9e0f-6dda-46fb-8c19-b28d5ad51f55"},"value":"Fusce sed"},{"element":{"id":"24c1f735-faad-4033-85bc-9c98436c18ab"},"value":"In cursus sagittis eros non congue."},{"element":{"id":"49b41a17-7b74-4b46-b948-58fab181ee20"},"value":7.99},{"element":{"id":"433c7916-4c5a-4219-ba74-de9128ca4a87"},"value":[{"id":"65dea10b-d363-4204-b474-c6c8c1105c4b"}]},{"components":[],"element":{"id":"920b5689-431b-4990-a5a2-5e0c9b95eea9"},"value":"<p>Sed consectetur eleifend neque. Morbi fringilla velit neque, quis aliquet diam rutrum eget. Praesent dui leo, iaculis non auctor sed, accumsan at felis. Suspendisse eu pretium justo. Curabitur et velit quis justo elementum iaculis. Fusce sed tortor id diam rhoncus accumsan. In cursus sagittis eros non congue.</p>"},{"element":{"id":"64640a70-86cc-435a-bed7-9c78ae6af47d"},"value":[]},{"element":{"id":"8d9c0ea0-69d1-41d0-84e4-d971db821fb9"},"value":[{"id":"2a1f27fd-cf8f-4c6b-96e7-3c21c85cf496"}]},{"element":{"id":"c6cfd551-e06e-4d7c-a3ab-965c3e2c0301"},"value":[{"id":"401afd7e-84a3-4c69-8673-471cbd0b14b9"}]},{"element":{"id":"ef6dc41a-20c4-422c-aff6-93a985fdb2f0"},"value":[]},{"mode":"autogenerated","element":{"id":"37b984c1-13c1-408e-9699-61574e8a1b59"},"value":"17"},{"element":{"id":"62d82789-e902-4f4c-abd3-804e15504da5"},"value":null},{"element":{"id":"9b8ad8bb-a298-412c-a61e-01dd9f6d4033"},"value":null},{"element":{"id":"d375c697-d5f5-4ac6-825e-f8b8b02a2746"},"value":null},{"element":{"id":"475cc1f1-70d0-4a11-9f59-fc669539f4af"},"value":null},{"element":{"id":"c61fbe6d-1aab-4bc1-afaa-ac07851b625e"},"value":null},{"element":{"id":"45edaa27-43bf-437c-9332-d17bb647bd19"},"value":null},{"element":{"id":"9a899110-bc1f-4be1-beb8-610a96e46be4"},"value":null},{"element":{"id":"f6d03f6f-93ec-4d79-abf8-506fc4cf5eaf"},"value":null},{"element":{"id":"70700682-6477-45fd-a9a0-1967d31726d0"},"value":[]},{"element":{"id":"4f264277-8fef-40f6-a501-4b658df12eca"},"value":[]}],"workflow_step":{"id":"c199950d-99f0-4983-b711-6c4c91624b22"},"item":{"id":"11a90703-4db2-4f0d-bbd6-8f9abe6d3d85"},"language":{"id":"00000000-0000-0000-0000-000000000000"},"last_modified":"2020-12-14T22:10:50.2624948Z"},{"elements":[{"element":{"id":"08357e84-e6fe-464f-97b4-169fd3fc95f5"},"value":"18"},{"element":{"id":"b20f9e0f-6dda-46fb-8c19-b28d5ad51f55"},"value":"Fusce sagittis"},{"element":{"id":"24c1f735-faad-4033-85bc-9c98436c18ab"},"value":"Nulla diam diam, maximus gravida efficitur eu, ultricies quis orci."},{"element":{"id":"49b41a17-7b74-4b46-b948-58fab181ee20"},"value":7.99},{"element":{"id":"433c7916-4c5a-4219-ba74-de9128ca4a87"},"value":[{"id":"0223fc61-5526-47b9-a86c-ce4ff6ef9b60"}]},{"components":[],"element":{"id":"920b5689-431b-4990-a5a2-5e0c9b95eea9"},"value":"<p>Vestibulum blandit sem mattis metus blandit pharetra at at ipsum. Vestibulum luctus quis turpis ac sollicitudin. Etiam ultricies pharetra velit. Nulla diam diam, maximus gravida efficitur eu, ultricies quis orci. Donec congue pharetra massa, ut venenatis nibh volutpat vel. Quisque eu sapien arcu. Nunc feugiat dictum tincidunt. Etiam sodales tellus tempus auctor vehicula. Praesent eget sapien dignissim, vehicula quam id, vehicula libero. Fusce sagittis gravida nulla ac bibendum. Duis lacinia egestas fringilla. Fusce quis metus semper, molestie massa finibus, laoreet magna. Aliquam gravida ipsum id nisl efficitur aliquam.</p>"},{"element":{"id":"64640a70-86cc-435a-bed7-9c78ae6af47d"},"value":[]},{"element":{"id":"8d9c0ea0-69d1-41d0-84e4-d971db821fb9"},"value":[{"id":"2a1f27fd-cf8f-4c6b-96e7-3c21c85cf496"}]},{"element":{"id":"c6cfd551-e06e-4d7c-a3ab-965c3e2c0301"},"value":[{"id":"401afd7e-84a3-4c69-8673-471cbd0b14b9"}]},{"element":{"id":"ef6dc41a-20c4-422c-aff6-93a985fdb2f0"},"value":[]},{"mode":"autogenerated","element":{"id":"37b984c1-13c1-408e-9699-61574e8a1b59"},"value":"18"},{"element":{"id":"62d82789-e902-4f4c-abd3-804e15504da5"},"value":null},{"element":{"id":"9b8ad8bb-a298-412c-a61e-01dd9f6d4033"},"value":null},{"element":{"id":"d375c697-d5f5-4ac6-825e-f8b8b02a2746"},"value":null},{"element":{"id":"475cc1f1-70d0-4a11-9f59-fc669539f4af"},"value":null},{"element":{"id":"c61fbe6d-1aab-4bc1-afaa-ac07851b625e"},"value":null},{"element":{"id":"45edaa27-43bf-437c-9332-d17bb647bd19"},"value":null},{"element":{"id":"9a899110-bc1f-4be1-beb8-610a96e46be4"},"value":null},{"element":{"id":"f6d03f6f-93ec-4d79-abf8-506fc4cf5eaf"},"value":null},{"element":{"id":"70700682-6477-45fd-a9a0-1967d31726d0"},"value":[]},{"element":{"id":"4f264277-8fef-40f6-a501-4b658df12eca"},"value":[]}],"workflow_step":{"id":"c199950d-99f0-4983-b711-6c4c91624b22"},"item":{"id":"bbb1c66f-ae6e-4ec9-809b-b7936bb589c7"},"language":{"id":"00000000-0000-0000-0000-000000000000"},"last_modified":"2020-12-14T22:15:42.358829Z"},{"elements":[{"element":{"id":"691dce2a-ff00-4d6f-bc75-4aa23fd8b268"},"value":"Frequently Asked Questions"},{"components":[{"id":"ba0e2a7a-8dfb-47f8-9261-7ba65cc7a120","type":{"id":"ad2d056c-454d-4da1-84c4-42c25540c9b4"},"elements":[{"element":{"id":"6f673416-9086-446f-841a-fb7818c56ba3"},"value":"Behold our FAQ"},{"components":[],"element":{"id":"54bb65b0-500e-43a4-b025-a87d93317582"},"value":"<p>All right, friends. Let’s do this. This section will cover basic, frequently asked questions for e-commerce merchants.</p>"},{"element":{"id":"5180db66-ddd4-4482-93bc-2aecb60731fb"},"value":[{"id":"98d02f87-e0b9-4c51-a56a-c60266911195"}]}]},{"id":"95cffd45-cacb-4be1-ab17-7ab3a4f7e6b4","type":{"id":"0fcb1386-70e4-4e87-8c43-5185edd06cff"},"elements":[{"components":[{"id":"a6431830-44b4-4d2e-9148-d8de4849f648","type":{"id":"eb16f498-7689-4f3a-9630-b752c78ceae0"},"elements":[{"element":{"id":"7fbdf19d-a498-4be5-b73a-6a3d109dc4bb"},"value":"How long does shipping take?"},{"components":[],"element":{"id":"cecc7cc0-dbbc-4845-9c96-e36d8a911198"},"value":"<p>Now that’s a frequent one all right, ain’t it? Your answer to this should *manage customer expectations*. Just like <a href=\"http://bit.ly/2YCN3iG\">a good checkout flow</a> should. Tell them the truth:</p>\n<ul>\n  <li>US shipping will take between 3 to 5 business days.</li>\n  <li>International shipping will take between 5 and 10 business days.</li>\n  <li>Mars shipping will be automatically redirected to Elon Musk’s Twitter account.</li>\n</ul>"}]},{"id":"b7aeb474-6e39-42f5-bc1d-2605a7fd427f","type":{"id":"eb16f498-7689-4f3a-9630-b752c78ceae0"},"elements":[{"element":{"id":"7fbdf19d-a498-4be5-b73a-6a3d109dc4bb"},"value":"How do refunds and returns work?"},{"components":[],"element":{"id":"cecc7cc0-dbbc-4845-9c96-e36d8a911198"},"value":"<p>It happens. Even the most beautiful of plants will disappoint *someone*. Again, tell it like it is:</p>\n<ul>\n  <li>All discounted items sales are final.</li>\n  <li>If you’d like another version of your item, please use the return label. Instructions are printed on its back.</li>\n  <li>If your item is damaged or not functioning correctly, email us at info@planty.com, and we’ll refund you + send you a new one ASAP!</li>\n</ul>"}]},{"id":"cf4d4288-7be1-448c-943a-4072c2b168cb","type":{"id":"eb16f498-7689-4f3a-9630-b752c78ceae0"},"elements":[{"element":{"id":"7fbdf19d-a498-4be5-b73a-6a3d109dc4bb"},"value":"How do you handle sensitive customer information?"},{"components":[],"element":{"id":"cecc7cc0-dbbc-4845-9c96-e36d8a911198"},"value":"<p>GDPR, am I right? Make sure you’re as transparent as possible with your data handling process. Or, if you’re using Snipcart, just refer to <a href=\"http://bit.ly/2YJwlyt\">our ToS and DPA</a>.</p>"}]},{"id":"b907dfba-ce41-4464-b2ab-0f13dcf7ecd1","type":{"id":"eb16f498-7689-4f3a-9630-b752c78ceae0"},"elements":[{"element":{"id":"7fbdf19d-a498-4be5-b73a-6a3d109dc4bb"},"value":"Rapid-fire questions"},{"components":[],"element":{"id":"cecc7cc0-dbbc-4845-9c96-e36d8a911198"},"value":"<p>Q: Why is this Planty theme so beautiful?<br/>\n A: We hired our first designer a couple of months ago.</p>\n<p>Q: Why did you build a theme for Stackbit?<br/>\nA: We believe in Stackbit’s promise of opening up the JAMstack to more developers. Plus, we trust these folks. [Read more about Stackbit](http://bit.ly/2YAvGix).</p>\n<p>Q: How many people work at Snipcart?<br/>\nA: Not a lot! We’re a small, bootstrapped team of eight human beings. Michael might be a robot, though.</p>\n<p>Q: Why is Snipcart based in Québec City?<br/>\nA: Have you been here? It’s beaaautiful!</p>\n<p>Q: What’s the meaning of life?<br/>\nA: We’re not quite sure. But building useful products with people we love feels meaningful enough.</p>"}]}],"element":{"id":"2d1b3370-0023-4617-83da-b41e965fad5e"},"value":"<object type=\"application/kenticocloud\" data-type=\"component\" data-id=\"a6431830-44b4-4d2e-9148-d8de4849f648\"></object>\n<object type=\"application/kenticocloud\" data-type=\"component\" data-id=\"b7aeb474-6e39-42f5-bc1d-2605a7fd427f\"></object>\n<object type=\"application/kenticocloud\" data-type=\"component\" data-id=\"cf4d4288-7be1-448c-943a-4072c2b168cb\"></object>\n<object type=\"application/kenticocloud\" data-type=\"component\" data-id=\"b907dfba-ce41-4464-b2ab-0f13dcf7ecd1\"></object>"}]},{"id":"089216f7-e3e0-48ac-964b-bbf4b98eb947","type":{"id":"7080bb9c-a117-4c83-aef7-7942f618ae10"},"elements":[{"element":{"id":"8e7e84e9-2107-44a5-ad2d-6cc5c0e29adf"},"value":"Planty"},{"element":{"id":"faf7bc00-8fb0-4214-99fe-96bb7070dc62"},"value":"226 rue St-Joseph E, Québec, QC, Canada, G1K 3A"},{"element":{"id":"f07e1556-34ef-4743-8eda-921714cd3ae7"},"value":"+1-202-555-0112"},{"element":{"id":"ff1d7da1-ab07-4cb6-9fa9-d3cbaba2f1cb"},"value":"geeks@snipcart.com"},{"element":{"id":"8efa5288-2c4c-4f92-8e0e-2b2f7302b2ff"},"value":"https://goo.gl/maps/g6za62bN9BHrNTVt5"},{"element":{"id":"d58d3064-e669-4256-876b-76e3e2537d9c"},"value":[{"id":"8174968e-158b-42ba-9d1b-0a3c7e048c52"}]}]}],"element":{"id":"d13bccf4-7c7f-4faa-8772-d92ceebbb537"},"value":"<object type=\"application/kenticocloud\" data-type=\"component\" data-id=\"ba0e2a7a-8dfb-47f8-9261-7ba65cc7a120\"></object>\n<object type=\"application/kenticocloud\" data-type=\"component\" data-id=\"95cffd45-cacb-4be1-ab17-7ab3a4f7e6b4\"></object>\n<object type=\"application/kenticocloud\" data-type=\"component\" data-id=\"089216f7-e3e0-48ac-964b-bbf4b98eb947\"></object>"},{"element":{"id":"9ef46cbd-b9bc-4ac2-a8d3-129840e738c3"},"value":[]},{"element":{"id":"bb3e7aa7-287d-4c19-94f7-c28bfe8e0e49"},"value":[{"id":"58091dbe-0d07-42c5-9c1a-9a407ba2d144"}]},{"mode":"custom","element":{"id":"91819b7e-e0cf-4260-af21-0be61d9e73e0"},"value":"faq"}],"workflow_step":{"id":"c199950d-99f0-4983-b711-6c4c91624b22"},"item":{"id":"a65667eb-f0f2-4757-9449-830e75b2d3de"},"language":{"id":"00000000-0000-0000-0000-000000000000"},"last_modified":"2020-12-28T12:13:37.4686553Z"},{"elements":[{"element":{"id":"b95f3b04-131b-4234-b4dd-45b4e577f61f"},"value":"FAQ"},{"element":{"id":"ed8e9c96-0018-46ca-8427-a370c19ff840"},"value":"/faq"}],"workflow_step":{"id":"c199950d-99f0-4983-b711-6c4c91624b22"},"item":{"id":"58091dbe-0d07-42c5-9c1a-9a407ba2d144"},"language":{"id":"00000000-0000-0000-0000-000000000000"},"last_modified":"2020-12-28T10:33:13.1935187Z"},{"elements":[{"element":{"id":"08357e84-e6fe-464f-97b4-169fd3fc95f5"},"value":"PK-G-01"},{"element":{"id":"b20f9e0f-6dda-46fb-8c19-b28d5ad51f55"},"value":"Pokon Green Plant Food"},{"element":{"id":"24c1f735-faad-4033-85bc-9c98436c18ab"},"value":"This perfectly balanced fertiliser has been especially developed for foliage plants."},{"element":{"id":"49b41a17-7b74-4b46-b948-58fab181ee20"},"value":4.99},{"element":{"id":"433c7916-4c5a-4219-ba74-de9128ca4a87"},"value":[{"id":"79cb8674-26fe-44a8-8e27-575cfffdb133"}]},{"components":[],"element":{"id":"920b5689-431b-4990-a5a2-5e0c9b95eea9"},"value":"<p><br/></p>"},{"element":{"id":"64640a70-86cc-435a-bed7-9c78ae6af47d"},"value":[{"id":"380ab4f1-3a91-4f10-8dc7-4f9431860211"},{"id":"13c270b1-9388-4930-afa5-59f4f3f6dffc"}]},{"element":{"id":"8d9c0ea0-69d1-41d0-84e4-d971db821fb9"},"value":[{"id":"ce0fd237-5628-40f1-bf94-8afef5dee2b7"}]},{"element":{"id":"c6cfd551-e06e-4d7c-a3ab-965c3e2c0301"},"value":[{"id":"401afd7e-84a3-4c69-8673-471cbd0b14b9"}]},{"element":{"id":"ef6dc41a-20c4-422c-aff6-93a985fdb2f0"},"value":[]},{"mode":"custom","element":{"id":"37b984c1-13c1-408e-9699-61574e8a1b59"},"value":"pokon-green"},{"element":{"id":"62d82789-e902-4f4c-abd3-804e15504da5"},"value":null},{"element":{"id":"9b8ad8bb-a298-412c-a61e-01dd9f6d4033"},"value":null},{"element":{"id":"d375c697-d5f5-4ac6-825e-f8b8b02a2746"},"value":null},{"element":{"id":"475cc1f1-70d0-4a11-9f59-fc669539f4af"},"value":null},{"element":{"id":"c61fbe6d-1aab-4bc1-afaa-ac07851b625e"},"value":null},{"element":{"id":"45edaa27-43bf-437c-9332-d17bb647bd19"},"value":null},{"element":{"id":"9a899110-bc1f-4be1-beb8-610a96e46be4"},"value":null},{"element":{"id":"f6d03f6f-93ec-4d79-abf8-506fc4cf5eaf"},"value":null},{"element":{"id":"70700682-6477-45fd-a9a0-1967d31726d0"},"value":[]},{"element":{"id":"4f264277-8fef-40f6-a501-4b658df12eca"},"value":[]}],"workflow_step":{"id":"c199950d-99f0-4983-b711-6c4c91624b22"},"item":{"id":"123b7ef2-0357-4713-b3cb-3d6a072f56f2"},"language":{"id":"00000000-0000-0000-0000-000000000000"},"last_modified":"2020-12-29T21:55:23.3098149Z"},{"elements":[{"element":{"id":"08357e84-e6fe-464f-97b4-169fd3fc95f5"},"value":"PK-U-01"},{"element":{"id":"b20f9e0f-6dda-46fb-8c19-b28d5ad51f55"},"value":"Pokon Universal Plant Food"},{"element":{"id":"24c1f735-faad-4033-85bc-9c98436c18ab"},"value":"Plants indoors are not in their natural environment, which is why you need to take extra care of them!"},{"element":{"id":"49b41a17-7b74-4b46-b948-58fab181ee20"},"value":3.99},{"element":{"id":"433c7916-4c5a-4219-ba74-de9128ca4a87"},"value":[{"id":"c36e0567-10b4-4a43-b304-c9082b060914"}]},{"components":[],"element":{"id":"920b5689-431b-4990-a5a2-5e0c9b95eea9"},"value":"<p>Contains essential nutrients and a rich mix of trace elements needed to keep your indoor plants healthy and beautiful.</p>"},{"element":{"id":"64640a70-86cc-435a-bed7-9c78ae6af47d"},"value":[{"id":"123b7ef2-0357-4713-b3cb-3d6a072f56f2"},{"id":"380ab4f1-3a91-4f10-8dc7-4f9431860211"}]},{"element":{"id":"8d9c0ea0-69d1-41d0-84e4-d971db821fb9"},"value":[{"id":"ce0fd237-5628-40f1-bf94-8afef5dee2b7"}]},{"element":{"id":"c6cfd551-e06e-4d7c-a3ab-965c3e2c0301"},"value":[{"id":"401afd7e-84a3-4c69-8673-471cbd0b14b9"}]},{"element":{"id":"ef6dc41a-20c4-422c-aff6-93a985fdb2f0"},"value":[]},{"mode":"custom","element":{"id":"37b984c1-13c1-408e-9699-61574e8a1b59"},"value":"pokon-universal"},{"element":{"id":"62d82789-e902-4f4c-abd3-804e15504da5"},"value":null},{"element":{"id":"9b8ad8bb-a298-412c-a61e-01dd9f6d4033"},"value":null},{"element":{"id":"d375c697-d5f5-4ac6-825e-f8b8b02a2746"},"value":null},{"element":{"id":"475cc1f1-70d0-4a11-9f59-fc669539f4af"},"value":null},{"element":{"id":"c61fbe6d-1aab-4bc1-afaa-ac07851b625e"},"value":null},{"element":{"id":"45edaa27-43bf-437c-9332-d17bb647bd19"},"value":null},{"element":{"id":"9a899110-bc1f-4be1-beb8-610a96e46be4"},"value":null},{"element":{"id":"f6d03f6f-93ec-4d79-abf8-506fc4cf5eaf"},"value":null},{"element":{"id":"70700682-6477-45fd-a9a0-1967d31726d0"},"value":[]},{"element":{"id":"4f264277-8fef-40f6-a501-4b658df12eca"},"value":[]}],"workflow_step":{"id":"c199950d-99f0-4983-b711-6c4c91624b22"},"item":{"id":"13c270b1-9388-4930-afa5-59f4f3f6dffc"},"language":{"id":"00000000-0000-0000-0000-000000000000"},"last_modified":"2020-12-29T21:55:48.8414719Z"},{"elements":[{"element":{"id":"08357e84-e6fe-464f-97b4-169fd3fc95f5"},"value":"PK-F-01"},{"element":{"id":"b20f9e0f-6dda-46fb-8c19-b28d5ad51f55"},"value":"Pokon Flowering Plant Food"},{"element":{"id":"24c1f735-faad-4033-85bc-9c98436c18ab"},"value":"This perfectly balanced fertiliser has been especially developed for all flowering plants."},{"element":{"id":"49b41a17-7b74-4b46-b948-58fab181ee20"},"value":4.99},{"element":{"id":"433c7916-4c5a-4219-ba74-de9128ca4a87"},"value":[{"id":"fb42ea05-907b-46cd-98db-b253d87eaf39"}]},{"components":[],"element":{"id":"920b5689-431b-4990-a5a2-5e0c9b95eea9"},"value":"<p><br/></p>"},{"element":{"id":"64640a70-86cc-435a-bed7-9c78ae6af47d"},"value":[{"id":"13c270b1-9388-4930-afa5-59f4f3f6dffc"},{"id":"123b7ef2-0357-4713-b3cb-3d6a072f56f2"}]},{"element":{"id":"8d9c0ea0-69d1-41d0-84e4-d971db821fb9"},"value":[{"id":"ce0fd237-5628-40f1-bf94-8afef5dee2b7"}]},{"element":{"id":"c6cfd551-e06e-4d7c-a3ab-965c3e2c0301"},"value":[{"id":"401afd7e-84a3-4c69-8673-471cbd0b14b9"}]},{"element":{"id":"ef6dc41a-20c4-422c-aff6-93a985fdb2f0"},"value":[]},{"mode":"custom","element":{"id":"37b984c1-13c1-408e-9699-61574e8a1b59"},"value":"pokon-flower"},{"element":{"id":"62d82789-e902-4f4c-abd3-804e15504da5"},"value":null},{"element":{"id":"9b8ad8bb-a298-412c-a61e-01dd9f6d4033"},"value":null},{"element":{"id":"d375c697-d5f5-4ac6-825e-f8b8b02a2746"},"value":null},{"element":{"id":"475cc1f1-70d0-4a11-9f59-fc669539f4af"},"value":null},{"element":{"id":"c61fbe6d-1aab-4bc1-afaa-ac07851b625e"},"value":null},{"element":{"id":"45edaa27-43bf-437c-9332-d17bb647bd19"},"value":null},{"element":{"id":"9a899110-bc1f-4be1-beb8-610a96e46be4"},"value":null},{"element":{"id":"f6d03f6f-93ec-4d79-abf8-506fc4cf5eaf"},"value":null},{"element":{"id":"70700682-6477-45fd-a9a0-1967d31726d0"},"value":[]},{"element":{"id":"4f264277-8fef-40f6-a501-4b658df12eca"},"value":[]}],"workflow_step":{"id":"c199950d-99f0-4983-b711-6c4c91624b22"},"item":{"id":"380ab4f1-3a91-4f10-8dc7-4f9431860211"},"language":{"id":"00000000-0000-0000-0000-000000000000"},"last_modified":"2020-12-29T21:53:56.4764478Z"},{"elements":[{"element":{"id":"08357e84-e6fe-464f-97b4-169fd3fc95f5"},"value":"MG-O-01"},{"element":{"id":"b20f9e0f-6dda-46fb-8c19-b28d5ad51f55"},"value":"Miracle-Gro Orchid Plant Food Mist"},{"element":{"id":"24c1f735-faad-4033-85bc-9c98436c18ab"},"value":"Instantly provides nutrients and moisture for beautiful orchids"},{"element":{"id":"49b41a17-7b74-4b46-b948-58fab181ee20"},"value":8.99},{"element":{"id":"433c7916-4c5a-4219-ba74-de9128ca4a87"},"value":[{"id":"a1905a73-3405-4db1-ad86-6aad6e575008"}]},{"components":[],"element":{"id":"920b5689-431b-4990-a5a2-5e0c9b95eea9"},"value":"<p><strong>Instructions:</strong></p>\n<ul>\n  <li>Spray onto leaves, roots and soil of Orchids</li>\n  <li>Avoid applying to blooms</li>\n  <li>NPK Analysis: .02-.02-.02</li>\n  <li>Will feed orchids for up to 1 week</li>\n</ul>"},{"element":{"id":"64640a70-86cc-435a-bed7-9c78ae6af47d"},"value":[{"id":"a72f35a2-4dd0-4df4-8655-514a9ab8f930"},{"id":"13c270b1-9388-4930-afa5-59f4f3f6dffc"}]},{"element":{"id":"8d9c0ea0-69d1-41d0-84e4-d971db821fb9"},"value":[{"id":"ce0fd237-5628-40f1-bf94-8afef5dee2b7"}]},{"element":{"id":"c6cfd551-e06e-4d7c-a3ab-965c3e2c0301"},"value":[{"id":"401afd7e-84a3-4c69-8673-471cbd0b14b9"}]},{"element":{"id":"ef6dc41a-20c4-422c-aff6-93a985fdb2f0"},"value":[]},{"mode":"custom","element":{"id":"37b984c1-13c1-408e-9699-61574e8a1b59"},"value":"miracle-gro-orchid"},{"element":{"id":"62d82789-e902-4f4c-abd3-804e15504da5"},"value":null},{"element":{"id":"9b8ad8bb-a298-412c-a61e-01dd9f6d4033"},"value":null},{"element":{"id":"d375c697-d5f5-4ac6-825e-f8b8b02a2746"},"value":null},{"element":{"id":"475cc1f1-70d0-4a11-9f59-fc669539f4af"},"value":null},{"element":{"id":"c61fbe6d-1aab-4bc1-afaa-ac07851b625e"},"value":null},{"element":{"id":"45edaa27-43bf-437c-9332-d17bb647bd19"},"value":null},{"element":{"id":"9a899110-bc1f-4be1-beb8-610a96e46be4"},"value":null},{"element":{"id":"f6d03f6f-93ec-4d79-abf8-506fc4cf5eaf"},"value":null},{"element":{"id":"70700682-6477-45fd-a9a0-1967d31726d0"},"value":[]},{"element":{"id":"4f264277-8fef-40f6-a501-4b658df12eca"},"value":[]}],"workflow_step":{"id":"c199950d-99f0-4983-b711-6c4c91624b22"},"item":{"id":"373b21e5-8177-446c-af91-619ced9b603f"},"language":{"id":"00000000-0000-0000-0000-000000000000"},"last_modified":"2020-12-29T22:05:30.9182139Z"},{"elements":[{"element":{"id":"469bb56a-993a-4176-b4ed-ec0781a4f71a"},"value":"Size"},{"element":{"id":"03748d33-6e98-4b1e-a02c-2abe1b88e6d7"},"value":[{"id":"b33ab9a0-0f00-4f13-bbba-b52c049165f7"}]},{"element":{"id":"87cfeb90-dcaa-4ebc-b025-7d4651a5113b"},"value":"12 cm|15 cm[+2.50]|20cm[+4.75]"},{"element":{"id":"76479613-2188-435a-82a6-9efd81279a4b"},"value":"12 cm"},{"element":{"id":"8a551e99-2eb9-4111-a0e6-21d710aef40b"},"value":""},{"element":{"id":"97616455-479c-4588-baaf-ed7fc1ddd2c1"},"value":[]}],"workflow_step":{"id":"c199950d-99f0-4983-b711-6c4c91624b22"},"item":{"id":"5622db00-fda4-4afc-839f-8dcb55764648"},"language":{"id":"00000000-0000-0000-0000-000000000000"},"last_modified":"2020-12-30T16:53:15.1025988Z"}]