[{"last_modified":"2020-12-30T16:45:49.4716255Z","id":"efa6ad18-ad4d-424e-96c3-efa57ce8f051","name":"Product properties","codename":"product_properties","terms":[{"id":"08889439-e68a-4176-b08f-ad45155d5902","name":"Pot size","codename":"pot_size","terms":[{"id":"8d369d6c-d5a7-44cc-b0bc-604d1986ae1b","name":"5 cm or less","codename":"pot_5cm_or_less","terms":[]},{"id":"70932ba3-9d27-4184-aefd-73ac194c1cf0","name":"5 to 10 cm","codename":"pot_5_to_10cm","terms":[]},{"id":"3a73cf88-6867-4d85-94d3-ddaeba07462f","name":"10 to 15 cm","codename":"pot_10_to_15cm","terms":[]},{"id":"8df35617-72e4-4718-a5f7-32dbfe84e474","name":"15 to 20 cm","codename":"n15_to_20_cm","terms":[]},{"id":"59f7ad0d-f726-42d4-b0cd-f23a8e83e789","name":"20 to 25 cm","codename":"n20_to_25_cm","terms":[]},{"id":"f8986473-e97a-4e62-9e87-bb9c0c6d0580","name":"25 to 30 cm","codename":"n25_to_30_cm","terms":[]},{"id":"5214d3fc-7d53-4e04-b0e0-43dda364e242","name":"30 cm and larger","codename":"n30_cm_and_larger","terms":[]}]},{"id":"0c4f031d-60ad-4191-a7ff-2878eb2b6aaf","name":"Place","codename":"place","terms":[{"id":"2d9e7eef-4526-4e12-8ee1-17809f42f162","name":"Direct sunlight","codename":"direct_sunlight","terms":[]},{"id":"9650aed1-a45c-4f80-ba6a-0fa975f1adc2","name":"Indirect sunlight","codename":"indirect_sunlight","terms":[]},{"id":"fa4ce57b-29b6-4281-8bcf-268d904029de","name":"Shade","codename":"shade","terms":[]},{"id":"33c08fcc-8833-4970-a3df-30f1cec98ce3","name":"Indoor","codename":"indoor","terms":[]},{"id":"a532ddd2-dc37-47e4-87b4-7d709e722518","name":"Outdoor","codename":"outdoor","terms":[]}]},{"id":"9101776f-0f1c-452a-ab76-957abcf5cfd4","name":"Air","codename":"air","terms":[{"id":"5783294c-7654-4c05-a9e4-678f6b0e1fac","name":"Cold","codename":"cold","terms":[]},{"id":"e5dbb3aa-bb23-431e-99a8-f194d44563d1","name":"Warm","codename":"warm","terms":[]},{"id":"1c6e3c40-158e-4da7-b01f-567d12090065","name":"Dry","codename":"dry","terms":[]},{"id":"ca933299-c560-4d8c-9d87-9ea84ea18ad9","name":"Humid","codename":"humid","terms":[]}]},{"id":"00b89e13-0c4a-44a1-852d-999d0ccf699e","name":"Watering","codename":"watering","terms":[{"id":"e94ea3ad-b5a8-4cd0-b567-5daeadb79a22","name":"Rarely","codename":"rarely","terms":[]},{"id":"922593ba-f278-4cac-99e9-91dd6dc6cc5a","name":"Regular","codename":"regular","terms":[]},{"id":"28d90520-3c41-424b-ad92-ce19ee2f4eed","name":"Often","codename":"often","terms":[]}]}]},{"last_modified":"2020-12-29T21:32:42.699628Z","id":"24097b17-4461-4ee8-900c-71b6b11d81a7","name":"Category","codename":"category","terms":[{"id":"8b07a027-233c-4492-af6f-955744eca80d","name":"Cactuses","codename":"cactuses","terms":[]},{"id":"f06a4f1c-3334-4d51-889c-d01d23d0d7a4","name":"Big plants","codename":"bigplants","terms":[]},{"id":"81c03189-e7aa-416e-8f28-31c156031d71","name":"Plants from Europe","codename":"europe","terms":[]},{"id":"0520835d-de6b-46fe-97b3-64ca0fde329e","name":"Summer plants","codename":"summer","terms":[]},{"id":"2a1f27fd-cf8f-4c6b-96e7-3c21c85cf496","name":"Flowers","codename":"flowers","terms":[]},{"id":"ce0fd237-5628-40f1-bf94-8afef5dee2b7","name":"Care","codename":"care","terms":[]}]},{"last_modified":"2020-12-08T20:58:43.5726232Z","id":"3acdd2ee-945e-4f8d-9351-19b604241e3e","name":"Section","codename":"section","terms":[{"id":"1a3b1a68-046f-479e-bdf3-b4044ffbdb6e","name":"Home","codename":"home","terms":[]},{"id":"f134451e-77aa-4b07-bb14-b1bca5e38626","name":"About","codename":"about","terms":[]},{"id":"f2853733-3efe-4445-a37f-4e29ad3a5f17","name":"Shop","codename":"shop","terms":[]},{"id":"9f195275-8a33-42f2-b488-5fcdb210fb9f","name":"Contact","codename":"contact","terms":[]}]}]